公司_规范,集团,分类,记录数,原始名称数,城市数,城市,平均上班,平均下班,平均工时,评分,等级,备注数
腾讯,腾讯,互联网,375,14,11,深圳、广州、北京、上海、武汉、成都、全球、长沙、合肥、重庆、西安,09:50,18:38,10.1,79.1,良好,202
字节跳动,字节跳动,互联网,280,4,12,北京、深圳、杭州、上海、武汉、重庆、广州、天津、成都、西安、石家庄、南京,10:14,19:52,10.5,70.2,良好,111
阿里巴巴,阿里巴巴,互联网,200,12,7,杭州、广州、北京、上海、南京、深圳、北上杭,09:47,18:54,10.0,78.5,良好,114
美团,美团,互联网,162,2,4,上海、北京、深圳、成都,10:08,19:59,10.6,70.2,良好,73
华为,华为,互联网,119,7,14,杭州、深圳、上海、南京、东莞、成都、北京、武汉、西安、海外、全国、苏州、长沙,09:03,18:06,10.2,78.8,良好,55
百度,百度,互联网,119,4,5,北京、深圳、上海、广州、成都,09:57,19:28,10.1,75.0,良好,52
京东,京东,互联网,82,9,6,成都、上海、北京、武汉、深圳、南京,09:15,17:53,10.1,80.5,良好,49
网易,网易,互联网,79,11,5,杭州、广州、北京、上海、西安,09:37,18:43,10.0,82.3,良好,37
滴滴,滴滴,互联网,67,3,7,北京、杭州、成都、广州、深圳、上海、南京,10:00,19:32,10.0,76.6,良好,29
快手,快手,互联网,54,1,6,北京、深圳、成都、比较、广州、杭州,10:03,19:56,10.9,67.5,一般,22
小米,小米,互联网,51,4,5,北京、南京、上海、武汉、重庆,09:37,19:32,11.2,67.6,一般,24
中国移动,中国移动,互联网,40,19,13,南京、杭州、珠海、北京、南昌、深圳、成都、上海、郑州、长沙、沈阳、西安,08:54,18:21,9.5,83.8,良好,27
哔哩哔哩,哔哩哔哩,互联网,34,3,2,上海、北京,10:17,19:04,9.5,86.5,舒适,14
平安集团,平安集团,互联网,33,13,7,上海、深圳、成都、青岛、广州、沈阳、佛山,08:47,17:30,9.0,88.8,舒适,17
蚂蚁集团,阿里巴巴,互联网,32,4,5,上海、杭州、北京、深圳、成都,09:49,18:55,10.4,75.5,良好,13
海康威视,海康威视,互联网,30,6,7,杭州、武汉、东北、北京、南宁、桐庐、天津,08:55,17:11,9.3,87.5,舒适,11
微软,微软,互联网,28,2,3,苏州、上海、北京,09:45,18:06,8.4,99.4,舒适,19
携程,携程,互联网,27,2,3,上海、北京、石家庄,09:58,19:50,10.8,70.2,良好,14
联想,联想,互联网,27,4,6,成都、北京、深圳、上海、天津、合肥,09:19,18:12,8.9,95.6,舒适,14
奇安信,奇安信,互联网,24,1,11,二三线城、北京、武汉、深圳、广州、成都、沈阳、重庆、二线、三线城、上海,08:55,18:53,10.0,81.0,良好,12
58同城,58同城,互联网,24,2,2,北京、广州,10:20,19:27,9.5,83.7,良好,9
奇虎360,奇虎360,互联网,23,1,3,北京、深圳、上海,09:28,19:02,9.6,85.7,舒适,7
中国电信,中国电信,互联网,23,15,8,广州、北京、福州、深圳、上海、西安、郑州,08:29,17:26,8.9,90.3,舒适,11
完美世界,完美世界,互联网,22,2,3,北京、上海、成都,09:49,19:38,9.8,76.8,良好,14
OPPO,OPPO,互联网,21,1,4,深圳、成都、南京、上海,09:08,18:02,8.9,87.8,舒适,9
vivo,vivo,互联网,21,1,5,北京、南京、杭州、深圳、东莞,09:13,19:11,12.4,58.4,一般,10
恒生电子,恒生电子,互联网,21,5,5,杭州、上海、北上深、北上广深、香港,08:48,17:42,8.9,88.5,舒适,11
匿名公司,匿名公司,互联网,20,12,10,深圳、广州、杭州、上海、济南、长沙、南京、北京、成都,07:11,15:05,9.5,82.8,良好,8
中国航空,中国航空,其他,19,13,11,天津、上海、厦门、南昌、北京、南京、成都、香港、西安、重庆,08:23,17:20,9.0,89.1,舒适,9
虾皮,虾皮,互联网,17,1,3,海外、上海、深圳,10:00,19:18,9.3,86.4,舒适,9
科大讯飞,科大讯飞,互联网,17,3,4,合肥、北京、杭州、武汉,08:57,15:32,10.2,80.1,良好,10
中国联通,中国联通,互联网,16,10,8,哈尔滨、广州、粤东、济南、深圳、长乐、福州、北京,08:46,17:46,9.0,90.4,舒适,12
中兴,中兴,互联网,16,5,5,南京、深圳、武汉、长沙、西安,08:25,16:49,9.6,82.0,良好,9
拼多多,拼多多,互联网,15,1,2,上海、不能说,10:42,19:17,10.0,70.4,良好,8
同花顺,同花顺,互联网,15,1,1,杭州,09:01,14:56,7.9,91.0,舒适,7
三七互娱,三七互娱,互联网,14,1,2,广州、成都,11:12,17:37,10.6,75.3,良好,6
大华股份,大华股份,其他,14,9,6,杭州、济南、广州、珠海、上海、南京,08:32,16:43,8.9,86.8,舒适,10
好未来,好未来,互联网,14,1,1,北京,09:57,20:01,10.1,74.9,良好,6
国家电网,国家电网,其他,14,10,8,广州、北京、福州、省会、长沙、广东河源、南宁,08:23,16:49,10.7,75.5,良好,9
知乎,知乎,互联网,14,1,2,北京、上海,09:47,17:34,9.5,92.7,舒适,1
微博,微博,互联网,14,4,2,北京、杭州,09:35,17:45,8.8,93.3,舒适,5
货拉拉,货拉拉,互联网,13,1,4,深圳、上海、北京、广州,09:08,19:00,9.9,76.8,良好,6
搜狐,搜狐,互联网,13,2,2,北京、成都,09:15,18:49,9.6,82.7,良好,4
有赞,有赞,互联网,12,1,3,武汉、杭州、深圳,09:24,18:02,9.4,84.9,良好,6
酷家乐,酷家乐,互联网,12,1,3,杭州、上海、成都,09:38,18:10,10.2,79.3,良好,9
深信服,深信服,互联网,11,2,3,深圳、上海、长沙,08:54,18:16,10.3,74.3,良好,4
松果出行,松果出行,互联网,11,1,1,北京,10:00,16:10,11.3,67.1,一般,5
浩鲸科技,浩鲸科技,互联网,11,1,6,郑州、福州、广州、南京、北京、上海,09:02,18:21,9.3,87.4,舒适,4
中国石化,中国石化,其他,11,8,8,炼油三部、三号催化外操室、广州、青岛、上海、北京、某地级、德阳,07:58,16:53,9.9,80.5,良好,4
唯品会,唯品会,互联网,10,1,2,广州、上海,09:19,19:16,9.9,78.1,良好,5
多益网络,多益网络,互联网,10,1,2,广州、成都,08:51,18:36,10.8,61.8,一般,3
商汤科技,商汤科技,互联网,10,2,3,上海、北京、深圳,09:49,17:52,11.6,71.9,良好,5
得物,得物,互联网,10,1,1,上海,09:42,20:06,10.4,67.3,一般,4
小鹏汽车,小鹏汽车,互联网,10,2,1,广州,09:00,16:00,8.8,90.3,舒适,5
宁德时代,宁德时代,其他,10,3,2,宁德、福建宁德,08:09,18:57,10.8,60.1,一般,5
中国农业银行,中国农业银行,金融,10,1,5,郑州新密、北京、上海、河池,08:36,19:27,10.8,62.3,一般,3
涂鸦智能,涂鸦智能,互联网,10,1,2,杭州、深圳,09:31,17:12,8.5,85.7,舒适,5
浪潮,浪潮,互联网,10,2,2,济南、西安,08:33,18:51,10.3,71.7,良好,3
杭州昼光科技,杭州昼光科技,互联网,10,2,1,杭州,09:54,18:39,8.8,92.4,舒适,3
视源股份,视源股份,互联网,10,3,1,广州,08:56,20:12,12.5,46.8,偏卷,8
龙湖集团,龙湖集团,其他,9,4,4,北京、上海、天津、重庆,09:03,18:30,9.4,76.8,良好,3
汽车之家,汽车之家,互联网,9,1,1,北京,08:55,18:42,9.8,82.1,良好,0
IBM,IBM,互联网,9,1,7,海外、深圳、西安、上海、大连、北京、成都,09:08,17:43,8.6,94.0,舒适,7
海尔,海尔,其他,9,6,2,青岛、北京,09:03,18:15,9.2,86.8,舒适,5
中金公司,中金公司,金融,9,3,3,北京、上海、深圳,09:00,18:40,9.7,77.2,良好,4
亚马逊,亚马逊,互联网,9,1,4,北京、上海、深圳、海外,10:00,16:55,9.6,90.7,舒适,6
格力,格力,其他,9,3,3,深圳、珠海、北京,08:32,17:56,9.4,86.5,舒适,4
SAP,SAP,互联网,9,1,3,成都、上海、南京,09:10,18:00,8.8,100.0,舒适,5
大疆,大疆,其他,9,2,1,深圳,10:17,21:13,10.9,57.0,一般,2
匿名国企,匿名国企,其他,9,6,6,深圳、南宁、北京、西安、杭州、苏州,08:47,17:22,8.6,97.4,舒适,4
新浪,新浪,互联网,9,1,1,北京,09:43,18:50,9.1,86.6,舒适,5
中公教育,中公教育,其他,8,1,3,石家庄、北京、哈尔滨,08:41,17:15,8.6,86.0,舒适,6
BIGO,BIGO,互联网,8,1,2,北京、广州,09:52,20:52,11.0,60.4,一般,3
埃森哲,埃森哲,互联网,8,1,3,大连、北京、上海,09:03,19:26,10.4,73.7,良好,5
爱奇艺,爱奇艺,互联网,8,1,2,北京、成都,09:49,18:37,8.8,92.1,舒适,3
爱立信,爱立信,互联网,8,3,4,北京、上海、南京、广州,09:15,17:48,8.6,98.8,舒适,3
东方财富,东方财富,互联网,8,2,1,上海,08:13,17:26,9.2,86.7,舒适,4
米哈游,米哈游,互联网,8,1,1,上海,10:00,19:30,9.5,80.8,良好,5
明略科技,明略科技,互联网,8,1,3,上海、北京、广州,09:45,19:00,9.2,87.6,舒适,6
美的,美的,其他,8,2,4,佛山、出差不定、武汉、无锡,08:13,19:03,10.8,69.5,一般,5
映客,映客,互联网,8,1,2,广州、北京,09:48,20:15,10.4,68.5,一般,5
小红书,小红书,互联网,8,1,2,上海、北京,10:00,20:30,10.5,65.9,一般,5
陌陌,陌陌,互联网,8,1,1,北京,10:00,19:00,9.0,87.7,舒适,2
中国邮政,中国邮政,金融,8,4,4,北京、新余、广州、合肥,08:23,17:54,9.5,85.7,舒适,3
中国石油,中国石油,其他,8,7,4,深圳、北京、西安、上海,08:22,16:37,8.2,97.7,舒适,7
广联达,广联达,互联网,8,3,2,北京、济南,08:39,13:22,9.4,88.8,舒适,1
蓝飞,蓝飞,互联网,8,1,1,青岛,09:00,18:30,9.5,87.0,舒适,0
旷视,旷视,互联网,8,3,2,北京、上海,10:18,18:41,8.4,94.5,舒适,3
中国银行,中国银行,互联网,8,1,6,上海、北京、西安、苏州、深圳、南宁,08:22,17:37,9.2,87.6,舒适,4
贝壳找房,贝壳找房,互联网,8,1,3,北京、武汉、广州,09:54,19:18,9.4,83.8,良好,2
招商银行,招商银行,金融,8,6,5,上海、成都、杭州、深圳、昆明,08:27,18:22,11.3,64.4,一般,6
shopee,shopee,互联网,7,1,1,深圳,09:52,19:34,9.7,80.6,良好,3
国企,国企,其他,7,1,6,成都、北京、广州、西安、潮州、昆明,08:30,18:12,9.7,83.0,良好,1
十方教育,十方教育,互联网,7,1,1,深圳,09:04,18:55,9.9,79.6,良好,5
贝壳,贝壳,互联网,7,1,4,广州、北京、成都、长沙,09:45,19:00,9.2,86.4,舒适,1
吉比特,吉比特,互联网,7,1,1,深圳,09:08,20:17,11.1,58.7,一般,7
喜马拉雅,喜马拉雅,互联网,7,1,1,上海,09:25,19:38,10.2,72.5,良好,2
猿辅导,猿辅导,互联网,7,1,2,北京、武汉,10:38,19:51,9.2,82.3,良好,4
地平线,地平线,互联网,7,1,3,北京、杭州、上海,10:00,20:00,10.0,73.3,良好,4
尚德机构,尚德机构,互联网,7,1,3,北京、武汉、广州,09:58,20:15,10.3,71.2,良好,5
微盟,微盟,互联网,7,1,1,上海,09:38,19:08,9.5,86.8,舒适,2
新东方,新东方,其他,7,1,4,武汉、北京、长沙、杭州,10:25,19:38,9.2,81.5,良好,4
TCL,TCL,互联网,7,2,2,深圳、惠州,09:21,16:42,10.3,78.6,良好,2
乐信,乐信,互联网,7,1,1,深圳,10:00,19:38,9.6,77.1,良好,6
招银网络科技,招银网络科技,互联网,7,1,3,深圳、成都、杭州,08:25,16:30,11.3,69.8,一般,5
广州探迹科技,广州探迹科技,互联网,7,2,1,广州,09:00,19:42,10.7,66.1,一般,4
万科,万科,其他,7,3,5,深圳、西安、宁波、北京,09:00,18:12,10.8,70.2,良好,3
思科,思科,互联网,7,3,4,杭州、广州、上海、乐天云谷,09:10,17:45,8.6,93.8,舒适,5
谷歌,谷歌,互联网,6,2,3,北京、一线、深圳,09:55,17:15,7.3,100.0,舒适,3
鹰角网络,鹰角网络,互联网,6,1,1,上海,10:25,19:30,9.1,86.4,舒适,3
牧原集团,牧原集团,互联网,6,3,2,南阳、柳州,08:10,16:10,8.0,87.4,舒适,5
万兴科技,万兴科技,互联网,6,1,2,深圳、长沙,09:00,19:13,12.3,56.7,一般,2
PingCAP,PingCAP,互联网,6,1,2,北京、杭州,09:50,19:30,9.7,83.8,良好,6
德勤,德勤,外企,6,1,3,广州、上海、北京,09:13,19:40,10.5,71.3,良好,2
蔚来,蔚来,互联网,6,1,2,上海、北京,09:30,21:05,11.6,51.6,偏卷,1
英特尔,英特尔,互联网,6,1,2,上海、成都,08:55,16:58,8.0,100.0,舒适,5
oppo,oppo,互联网,6,1,3,成都、深圳、台北,09:03,19:50,10.8,66.0,一般,3
网易有道,网易,互联网,6,1,3,杭州、北京、广州,09:45,18:30,8.8,93.0,舒适,4
树根互联,树根互联,互联网,6,2,2,广州、苏州,09:20,17:55,10.3,75.9,良好,5
国泰君安,国泰君安,金融,6,4,2,上海、北京,09:00,18:20,9.3,77.9,良好,2
哈啰出行,哈啰出行,互联网,6,1,1,上海,09:52,20:20,10.5,68.0,一般,0
浪潮软件,浪潮软件,互联网,6,4,1,济南,08:25,18:45,10.3,71.0,良好,1
三一重工,三一重工,其他,6,2,2,长沙、邵阳,08:00,15:05,7.1,96.8,舒适,2
比亚迪,比亚迪,其他,6,4,4,中山、深圳、西安、梅州,08:26,18:09,9.7,79.6,良好,5
泛微,泛微,互联网,6,1,4,北京、广州、深圳、上海,09:00,18:30,9.5,82.0,良好,5
中信证券,中信证券,金融,6,2,2,北京、深圳,08:30,19:45,11.2,59.0,一般,3
跨越速运,跨越速运,互联网,5,1,2,深圳、北京,09:00,19:12,10.2,74.0,良好,1
东软,东软,互联网,5,3,1,沈阳,08:36,18:06,9.5,85.3,舒适,1
长城汽车,长城汽车,其他,5,2,1,保定,08:02,18:16,10.2,68.3,一般,2
祖龙娱乐,祖龙娱乐,互联网,5,1,1,北京,10:00,18:36,8.6,89.9,舒适,1
上海汉得信息技术,上海汉得信息技术,互联网,5,3,4,深圳、佛山、西安、北京,08:42,19:42,11.0,63.5,一般,1
吉利,吉利,其他,5,2,1,杭州,08:27,17:33,9.1,86.7,舒适,2
和谐健康,和谐健康,金融,5,1,1,北京,07:52,17:24,9.5,77.9,良好,5
启明星辰,启明星辰,互联网,5,1,2,北京、成都,09:25,17:15,7.8,100.0,舒适,4
四维图新,四维图新,互联网,5,1,1,北京,08:24,17:24,9.0,90.8,舒适,1
天眼查,天眼查,互联网,5,1,2,北京、郑州,09:00,18:00,11.2,67.7,一般,4
神策数据,神策数据,互联网,5,1,1,北京,10:12,21:06,10.9,58.8,一般,3
便利蜂,便利蜂,互联网,5,1,1,北京,09:48,19:48,10.0,69.7,一般,4
中国建筑,中国建筑,其他,5,1,4,上海、郑州、北京、廊坊,08:18,16:42,8.4,85.9,舒适,4
阅文,阅文,互联网,5,2,2,上海、北京,09:36,19:30,9.9,76.5,良好,1
金山,金山,互联网,5,2,4,北京、珠海、武汉、南京,09:03,18:27,9.4,85.5,舒适,1
YY直播,YY直播,互联网,5,1,1,广州,09:30,19:24,9.9,79.3,良好,3
intel,intel,外企,5,1,1,上海,08:30,18:42,10.2,70.1,良好,5
数字广东,数字广东,互联网,5,1,1,广州,09:33,18:42,9.1,86.1,舒适,2
中国系统,中国系统,互联网,5,1,1,北京,09:03,19:32,10.5,71.5,良好,0
易车,易车,互联网,5,1,1,北京,09:00,14:36,9.3,90.3,舒适,1
中国建设银行,中国建设银行,金融,5,1,4,北京、郑州、深圳、广州,08:18,15:18,7.0,95.9,舒适,3
智云健康,智云健康,互联网,5,1,1,杭州,09:48,12:00,11.0,71.1,良好,3
帆软软件,帆软软件,互联网,5,1,2,南京、无锡,09:12,17:36,8.4,99.7,舒适,5
莉莉丝,莉莉丝,互联网,5,1,1,上海,10:00,19:00,9.0,89.2,舒适,4
工商银行,工商银行,金融,5,1,3,成都、广州、宁波,08:12,17:24,9.2,89.0,舒适,5
亚信,亚信,互联网,5,1,3,杭州、南京、长沙,09:00,17:54,8.9,93.0,舒适,2
叮咚买菜,叮咚买菜,互联网,5,1,1,上海,09:42,18:48,9.1,90.1,舒适,3
华泰证券,华泰证券,金融,5,1,2,南京、广州,08:54,18:48,9.9,75.6,良好,3
顺丰,顺丰,互联网,5,3,3,深圳、合肥、杭州,08:54,16:54,10.0,79.8,良好,3
Garena,Garena,互联网,5,1,1,上海,09:36,19:54,10.3,72.2,良好,2
匿名私企,匿名私企,互联网,5,4,4,苏州、广州、全国各地荒郊野外、西安,08:30,19:30,11.3,60.8,一般,1
同程旅行,同程旅行,互联网,4,1,3,上海、苏州、北京,08:52,18:22,9.5,90.2,舒适,1
匿名设计院,匿名设计院,其他,4,3,3,青岛、深圳、上海,08:45,20:55,12.1,46.8,偏卷,2
友塔游戏,友塔游戏,互联网,4,1,1,上海,10:45,20:00,9.2,81.6,良好,1
中铁第四勘察设计院,中铁第四勘察设计院,其他,4,1,2,武汉、合肥,08:04,19:52,11.8,50.3,偏卷,2
度小满,度小满,互联网,4,1,1,北京,10:00,19:49,9.8,83.3,良好,0
北京银行,北京银行,金融,4,1,1,北京,08:07,15:22,13.2,57.3,一般,3
博智林机器人,博智林机器人,互联网,4,1,1,佛山,08:19,18:34,10.2,77.1,良好,3
甲骨文,甲骨文,互联网,4,3,3,杭州、香港、石家庄,09:07,17:52,8.8,94.3,舒适,1
石墨文档,石墨文档,互联网,4,1,2,北京、武汉,10:30,19:00,8.5,92.4,舒适,0
一点资讯,一点资讯,互联网,4,1,1,北京,09:37,19:22,9.8,82.8,良好,0
上汽大众,上汽大众,其他,4,1,1,上海,09:22,17:30,8.1,98.9,舒适,1
黑湖智造,黑湖智造,互联网,4,1,1,上海,09:22,19:37,10.2,78.2,良好,0
药明康德,药明康德,其他,4,3,3,天津、苏州、无锡,08:41,17:07,8.4,95.2,舒适,3
freewheel,freewheel,互联网,4,1,1,北京,09:45,18:07,8.4,97.1,舒适,3
金山办公,金山,互联网,4,1,3,武汉、北京、珠海,09:11,19:45,10.6,72.1,良好,0
老虎证券,老虎证券,互联网,4,1,2,北京、杭州,09:37,17:00,9.8,87.4,舒适,3
中国烟草,中国烟草,其他,4,3,3,郑州、上海、江苏淮安,08:23,16:48,8.4,97.4,舒适,0
作业帮,作业帮,互联网,4,1,1,北京,10:15,20:00,9.8,77.0,良好,2
山东捷瑞数字,山东捷瑞数字,互联网,4,1,1,烟台,08:30,17:45,9.2,86.5,舒适,2
掌阅科技,掌阅科技,互联网,4,1,1,北京,09:45,19:30,9.8,82.2,良好,1
中国银联,中国银联,其他,4,1,1,上海,08:52,14:37,11.5,64.8,一般,3
MetaApp,MetaApp,互联网,4,1,1,北京,10:00,21:15,11.2,54.9,偏卷,3
西山居,西山居,互联网,4,1,3,成都、广州、珠海,09:04,18:00,8.9,93.0,舒适,3
锐捷网络,锐捷网络,互联网,4,1,3,福州、上海、深圳,09:12,16:00,6.8,100.0,舒适,2
脉脉,脉脉,互联网,4,1,1,北京,10:00,19:30,9.5,83.8,良好,0
中建八局,中建八局,其他,4,1,3,上海、省站、河北雄安,07:52,19:52,12.0,48.9,偏卷,2
招联金融,招联金融,互联网,4,1,1,深圳,08:27,15:15,6.8,100.0,舒适,1
VMware,VMware,互联网,4,1,1,北京,09:45,17:45,8.0,100.0,舒适,3
良品铺子,良品铺子,其他,4,2,1,武汉,09:00,18:15,9.2,86.7,舒适,4
Arm China,Arm China,互联网,4,1,2,上海、成都,09:15,18:52,9.6,82.2,良好,3
蘑菇街,蘑菇街,互联网,4,1,1,杭州,09:30,18:30,9.0,94.4,舒适,4
虎牙,虎牙,互联网,4,1,1,广州,10:07,20:07,10.0,71.8,良好,3
雪球,雪球,互联网,4,1,1,北京,09:24,21:10,11.8,51.7,偏卷,0
雷霆游戏,雷霆游戏,互联网,4,1,1,深圳,09:00,13:30,9.0,89.4,舒适,2
中移物联网,中移物联网,互联网,4,2,2,重庆、成都,08:30,17:37,9.1,90.2,舒适,2
大汉软件,大汉软件,互联网,4,1,1,南京,09:00,18:00,9.0,92.4,舒适,4
金讯通,金讯通,互联网,4,1,1,西安,08:45,19:30,10.7,65.2,一般,2
Momenta,Momenta,互联网,4,1,2,苏州、北京,10:15,14:00,3.8,100.0,舒适,3
上海银行,上海银行,金融,4,1,2,上海、苏州,08:30,17:15,8.8,92.6,舒适,0
迅雷,迅雷,互联网,4,1,1,深圳,09:52,18:22,8.5,84.7,良好,1
IGG,IGG,互联网,4,1,2,福州、上海,09:15,16:45,10.0,81.2,良好,1
汉得信息,汉得信息,互联网,4,1,1,上海,09:07,18:35,9.4,84.2,良好,1
欢聚,欢聚,互联网,4,2,1,广州,09:30,20:00,10.5,68.2,一般,0
中信银行,中信银行,金融,4,1,1,北京,08:30,18:07,9.6,83.5,良好,3
科沃斯,科沃斯,互联网,4,3,1,苏州,08:19,17:45,9.4,87.9,舒适,2
焦点科技,焦点科技,互联网,4,2,1,南京,09:00,18:00,9.0,92.4,舒适,0
Intel,Intel,互联网,4,1,2,北京、上海,09:00,17:00,8.0,98.7,舒适,1
zte,zte,互联网,4,1,3,深圳、南京、西安,08:45,20:52,12.1,43.1,偏卷,1
邮储银行,邮储银行,金融,4,1,2,北京、二线,08:20,15:45,9.9,77.9,良好,1
纳思达,纳思达,其他,4,1,1,珠海,08:30,18:00,9.5,87.9,舒适,4
群之脉信息科技,群之脉信息科技,互联网,4,1,2,青岛、上海,09:00,18:00,9.0,92.4,舒适,0
银行,银行,金融,4,1,4,广东肇庆、郑州、北京,08:10,18:17,10.1,75.7,良好,0
粉笔,粉笔,互联网,4,1,3,北京、合肥、济南,09:30,19:45,10.2,72.0,良好,2
光云科技,光云科技,互联网,4,1,1,杭州,09:19,20:30,11.2,59.3,一般,2
孩子王,孩子王,互联网,4,1,1,南京,09:00,18:15,9.2,89.1,舒适,2
保利发展,保利发展,其他,4,4,3,广州、成都、北京,08:30,16:07,10.2,78.2,良好,3
普联技术,普联技术,互联网,4,2,2,杭州、深圳,08:30,17:15,8.8,92.6,舒适,3
美亚柏科,美亚柏科,互联网,4,1,1,厦门,09:02,20:15,11.2,58.5,一般,3
匿名建筑设计院,匿名建筑设计院,其他,3,2,3,南京、合肥、青岛,08:26,17:26,9.0,90.9,舒适,1
南极电商,南极电商,互联网,3,1,1,上海,10:10,18:30,8.3,95.6,舒适,2
匿名咨询公司,匿名咨询公司,其他,3,2,3,上海、湘潭、西安,08:50,17:30,8.7,94.0,舒适,2
古事纪,古事纪,互联网,3,1,1,上海,,,,,数据不足,3
顶点软件,顶点软件,互联网,3,1,2,福州、深圳,09:15,17:31,8.3,97.7,舒适,3
香侬科技,香侬科技,互联网,3,1,1,北京,09:30,20:30,11.0,53.8,偏卷,0
一起教育,一起教育,互联网,3,1,1,北京,09:40,18:40,9.0,90.7,舒适,2
用友-畅捷通,用友-畅捷通,互联网,3,1,1,北京,08:40,17:40,9.0,91.5,舒适,0
七牛云,七牛云,互联网,3,1,2,上海、杭州,09:10,19:20,10.2,75.5,良好,2
中科星图空间技术,中科星图空间技术,互联网,3,1,1,西安,09:00,18:20,9.3,88.8,舒适,2
ThoughtWorks,ThoughtWorks,互联网,3,1,2,西安、上海,09:10,18:00,8.8,93.9,舒适,0
中银金科,中银金科,互联网,3,1,1,上海,08:09,17:16,9.0,90.1,舒适,2
建行,建行,金融,3,1,2,上海、北京,08:15,11:20,9.2,89.1,舒适,0
徐工,徐工,其他,3,3,1,徐州,08:14,18:20,10.1,71.9,良好,1
PayPal,PayPal,外企,3,1,2,上海、北京,09:00,18:00,9.0,95.4,舒适,2
中邮消费金融,中邮消费金融,互联网,3,1,1,广州,09:00,18:00,9.0,92.4,舒适,2
延锋彼欧汽车外饰系统,延锋彼欧汽车外饰系统,外企,3,1,1,上海,08:00,16:20,8.3,93.9,舒适,0
匿名广告公司,匿名广告公司,其他,3,2,2,深圳、广州,09:30,18:45,9.5,83.2,良好,2
Airwallex,Airwallex,互联网,3,1,1,上海,10:00,18:40,8.7,92.8,舒适,2
五菱,五菱,互联网,3,1,1,柳州,08:30,19:40,11.2,56.9,一般,2
匿名外企,匿名外企,外企,3,1,3,青岛、财务、北京,08:32,17:12,8.7,93.2,舒适,3
百词斩,百词斩,互联网,3,1,1,成都,09:30,18:20,8.8,88.8,舒适,2
苏宁,苏宁,互联网,3,1,2,南京、成都,09:00,20:00,11.0,58.8,一般,0
苏州恒力智能科技,苏州恒力智能科技,互联网,3,1,1,苏州,09:00,12:00,9.0,86.4,舒适,1
德邦快递,德邦快递,其他,3,1,3,广州、西安、上海,08:30,16:40,8.2,86.3,舒适,2
航天科工,航天科工,其他,3,1,1,北京,08:20,17:45,9.4,86.1,舒适,2
芒果TV,芒果TV,互联网,3,1,1,长沙,09:00,19:30,10.5,68.2,一般,1
中国铁塔,中国铁塔,其他,3,1,2,全国都有分公司、北京,08:26,14:50,9.6,87.1,舒适,1
中建二局,中建二局,其他,3,1,3,无固定场所、郑州、广州,07:26,19:40,12.2,39.8,很卷,0
中建三局,中建三局,其他,3,2,2,武汉、西安,08:10,19:30,11.3,70.7,良好,2
航班管家,航班管家,互联网,3,1,2,武汉、北京,09:00,18:20,9.3,88.8,舒适,2
戴德梁行,戴德梁行,外企,3,1,2,北京、厦门,09:20,18:00,8.7,95.4,舒适,1
扇贝,扇贝,互联网,3,1,1,南京,09:00,18:00,9.0,92.4,舒适,1
义乌市促佳贸易,义乌市促佳贸易,互联网,3,1,1,杭州,09:00,13:00,12.0,64.5,一般,0
广东三三智能科技,广东三三智能科技,互联网,3,1,1,汕头,08:00,20:00,12.0,45.8,偏卷,3
京东物流,京东,其他,3,1,3,宿迁、北京、厦门,09:00,19:50,10.8,64.6,一般,1
微医,微医,互联网,3,2,3,天津、杭州、北京,09:00,18:00,9.0,92.4,舒适,1
中移互联网,中移互联网,互联网,3,1,1,广州,08:56,17:10,8.2,97.0,舒适,2
悠星,悠星,互联网,3,1,1,上海,10:00,18:16,8.3,97.1,舒适,1
中科软,中科软,金融,3,2,2,北京、长春,08:40,19:20,10.7,69.0,一般,1
中科曙光南京研究院,中科曙光南京研究院,互联网,3,2,1,南京,08:30,17:30,9.0,91.0,舒适,3
朗新科技,朗新科技,互联网,3,2,1,杭州,08:30,18:10,9.7,86.1,舒适,3
雨润,雨润,其他,3,2,1,南京,08:30,17:50,9.3,76.9,良好,3
中国人寿,中国人寿,金融,3,1,2,合肥、常德,08:03,17:30,9.5,78.9,良好,1
中国信通院,中国信通院,其他,3,1,2,上海、北京,09:00,17:10,8.2,97.6,舒适,2
普华永道,普华永道,外企,3,1,3,中国、郑州、上海,09:16,17:39,8.5,94.2,舒适,0
新点软件,新点软件,互联网,3,1,2,江苏张家港、各地分公司,08:20,19:50,11.5,58.6,一般,2
中国铁路,中国铁路,其他,3,3,3,天津、北京、太原,08:20,19:40,11.3,62.4,一般,1
中国工商银行,中国工商银行,金融,3,2,3,所有分中心、北京、广东珠三角地区,08:05,17:30,9.4,88.4,舒适,2
顺丰同城,顺丰,互联网,3,2,1,北京,10:10,20:50,10.7,60.4,一般,1
blued,blued,互联网,3,1,1,北京,09:30,18:20,8.8,93.2,舒适,0
baidu,baidu,互联网,3,1,2,北京、深圳,10:00,17:00,10.5,78.2,良好,0
易方达基金,易方达基金,金融,3,1,1,广州,08:30,19:50,11.3,58.1,一般,3
山东正信医讯,山东正信医讯,互联网,3,1,1,济南,07:30,13:30,9.0,89.7,舒适,0
亿咖通,亿咖通,互联网,3,1,2,杭州、上海,09:10,19:20,10.2,71.5,良好,1
交通银行,交通银行,互联网,3,1,2,上海、深圳,09:00,19:00,10.0,73.6,良好,0
亚信科技,亚信科技,互联网,3,1,2,南京、长沙,09:00,17:36,8.6,94.9,舒适,1
转转,转转,互联网,3,1,1,北京,10:00,21:20,11.3,54.0,偏卷,2
安硕信息苏州,安硕信息苏州,互联网,3,1,1,苏州,09:20,19:40,10.3,72.4,良好,1
事业单位,事业单位,其他,3,1,2,济南、绵阳,08:26,17:40,9.2,89.4,舒适,2
中科软科技,中科软科技,互联网,3,1,1,北京,08:40,19:20,10.7,66.0,一般,1
途虎养车,途虎养车,互联网,3,1,2,上海、武汉,09:00,19:50,10.8,64.6,一般,2
学科网,学科网,互联网,3,1,1,北京,08:22,17:22,9.0,90.7,舒适,2
中国农业银行总行,中国农业银行总行,金融,3,1,1,北京,08:30,22:00,13.5,30.7,很卷,0
安永,安永,外企,3,1,2,广州、北京,09:40,20:10,10.5,77.5,良好,1
小云互娱,小云互娱,互联网,3,1,1,广州,09:10,20:40,11.5,53.1,偏卷,2
安恒,安恒,互联网,3,1,3,广州、杭州、成都,08:59,20:42,11.7,48.4,偏卷,2
传音控股,传音控股,其他,3,2,2,上海、深圳,09:20,18:00,9.0,93.3,舒适,1
奥格科技,奥格科技,互联网,3,1,1,广州,09:00,17:30,8.5,95.5,舒适,0
超图软件,超图软件,互联网,3,1,2,重庆、武汉,09:00,18:00,9.0,84.4,良好,1
杭州银行,杭州银行,金融,3,1,1,杭州,08:20,18:20,10.0,78.8,良好,2
纷享销客,纷享销客,互联网,3,1,1,北京,09:20,18:30,9.2,93.0,舒适,2
iHerb,iHerb,互联网,3,1,1,上海,08:45,17:45,9.0,91.7,舒适,0
大搜车,大搜车,互联网,3,1,2,北京、杭州,09:13,18:10,8.9,92.6,舒适,2
PWNSKY,PWNSKY,互联网,3,1,1,北京,09:20,18:00,8.7,83.4,良好,3
汇丰银行,汇丰银行,外企,3,3,1,广州,10:00,18:00,8.5,92.8,舒适,2
达达,达达,互联网,3,1,1,北京,09:20,15:22,6.0,100.0,舒适,2
moka,moka,互联网,3,1,1,北京,10:00,21:20,11.3,57.0,一般,1
米可世界,米可世界,互联网,3,1,2,深圳、北京,09:30,19:00,9.5,86.1,舒适,3
东吴证券,东吴证券,金融,3,1,2,上海、苏州,08:10,14:50,6.7,100.0,舒适,1
橙心优选,橙心优选,其他,3,1,2,乌鲁木齐、深圳,10:00,21:00,11.0,59.8,一般,3
金证,金证,互联网,3,1,2,深圳、长沙,09:00,18:30,9.5,83.0,良好,1
水滴,水滴,互联网,3,1,1,北京,10:20,19:50,9.5,82.3,良好,1
浙江泰隆商业银行,浙江泰隆商业银行,金融,3,1,1,杭州,08:30,20:20,11.8,55.7,一般,0
浪潮云,浪潮云,互联网,3,1,1,济南,08:30,19:40,11.2,53.9,偏卷,3
好大夫在线,好大夫在线,互联网,3,1,1,北京,09:24,19:30,10.4,72.2,良好,3
太平洋网络,太平洋网络,其他,3,1,1,广州,09:50,18:40,8.8,87.8,舒适,2
多点dmall,多点dmall,互联网,3,1,2,深圳、成都,09:00,19:20,10.3,70.0,良好,0
农行,农行,金融,3,1,2,一线城、不便透露,08:20,18:10,9.8,80.6,良好,1
道富银行,道富银行,互联网,3,1,1,杭州,09:20,17:10,7.8,100.0,舒适,1
合合信息,合合信息,互联网,3,1,1,上海,09:20,18:30,9.2,90.0,舒适,3
海信,海信,互联网,3,1,1,青岛,09:00,18:00,9.0,92.4,舒适,2
深圳中地,深圳中地,其他,3,1,1,深圳,08:30,17:30,9.0,91.0,舒适,1
国家开发银行,国家开发银行,金融,3,1,1,北京,08:30,17:30,9.0,91.0,舒适,0
Keep,Keep,互联网,3,1,1,北京,10:00,19:10,9.2,87.4,舒适,2
去哪儿网,去哪儿网,互联网,3,1,1,北京,10:00,21:20,11.3,57.0,一般,2
同盾,同盾,互联网,3,1,1,杭州,09:56,19:20,9.4,81.2,良好,0
端点科技,端点科技,互联网,3,1,1,杭州,09:30,21:00,11.5,54.4,偏卷,1
盛和,盛和,互联网,3,1,1,杭州,09:00,18:00,9.0,92.4,舒适,3
海澜之家,海澜之家,其他,3,1,2,无锡、江阴,08:30,17:00,8.5,88.2,舒适,3
海通安恒科技,海通安恒科技,互联网,3,2,1,珠海,08:20,16:40,8.3,86.8,舒适,3
清华大学,清华大学,其他,3,1,1,北京,08:40,21:10,12.5,47.2,偏卷,2
满帮,满帮,互联网,3,1,2,南京、上海,09:00,18:26,9.4,87.7,舒适,2
游族,游族,互联网,3,1,1,上海,10:23,19:50,9.4,74.7,良好,2
Boss直聘,Boss直聘,互联网,3,1,1,北京,10:00,09:30,,,数据不足,0
高顿教育,高顿教育,互联网,2,1,2,成都、上海,08:15,18:00,9.8,79.6,良好,2
ATA,ATA,其他,2,1,1,上海,09:00,17:00,8.0,98.7,舒适,2
AfterShip,AfterShip,互联网,2,1,1,深圳,09:00,18:30,9.5,87.0,舒适,0
Afterpay,Afterpay,互联网,2,1,1,上海,09:30,18:00,8.5,96.8,舒适,1
龙源电力,龙源电力,其他,2,1,1,西安,08:30,17:00,8.5,94.2,舒适,0
8684（天趣）,8684（天趣）,互联网,2,1,1,广州,09:00,18:00,9.0,92.4,舒适,0
骨贝,骨贝,互联网,2,1,1,上海,09:00,,,,数据不足,0
匿名家具公司,匿名家具公司,其他,2,1,1,天津,09:00,09:00,,,数据不足,2
匿名会计师事务所,匿名会计师事务所,金融,2,1,2,大连、上海,08:45,18:45,10.0,73.0,良好,0
匿名教育公司,匿名教育公司,其他,2,1,1,郑州,08:30,17:30,9.0,91.0,舒适,2
匿名数智科技,匿名数智科技,互联网,2,1,1,北京,09:00,18:00,9.0,92.4,舒适,2
匿名数科技,匿名数科技,其他,2,1,1,北京,09:00,21:00,12.0,50.0,偏卷,2
匿名期货公司,匿名期货公司,金融,2,1,1,上海,08:30,17:45,9.2,89.5,舒适,1
匿名成都软件技术服务,匿名成都软件技术服务,互联网,2,1,1,成都,08:00,17:00,9.0,89.7,舒适,0
千米网,千米网,互联网,2,1,1,南京,09:15,12:00,2.8,100.0,舒适,2
千鸟,千鸟,互联网,2,1,1,上海,09:00,18:00,9.0,92.4,舒适,2
华东建筑设计研究院,华东建筑设计研究院,其他,2,1,1,上海,09:30,21:00,11.5,53.2,偏卷,0
Funplus,Funplus,互联网,2,1,1,北京,10:00,21:00,11.0,57.6,一般,0
金睛云华,金睛云华,互联网,2,1,1,北京,09:00,19:00,10.0,77.1,良好,2
鲁大师,鲁大师,互联网,2,1,1,成都,09:37,20:00,10.4,66.2,一般,0
首都信息发展,首都信息发展,其他,2,1,1,北京,09:00,18:00,9.0,92.4,舒适,0
青岛海信网络科技,青岛海信网络科技,互联网,2,1,1,长沙,09:00,18:00,9.0,86.4,舒适,2
青瓷游戏,青瓷游戏,其他,2,1,1,厦门,09:00,21:00,12.0,47.0,偏卷,0
匿名国企三级子公司,匿名国企三级子公司,其他,2,1,1,长春,08:00,16:00,8.0,96.0,舒适,2
匿名商业银行,匿名商业银行,金融,2,1,1,,08:04,19:00,10.9,57.4,一般,2
爱可生,爱可生,互联网,2,1,1,上海,09:30,17:30,8.0,100.0,舒适,2
上海博为峰,上海博为峰,互联网,2,1,1,上海,09:00,17:00,8.0,98.7,舒适,2
盛趣游戏,盛趣游戏,互联网,2,1,1,上海,10:00,20:30,10.5,70.0,良好,0
百安居,百安居,互联网,2,1,1,上海,09:00,20:00,11.0,60.8,一般,2
百家云集团有限公司南京研发中心,百家云集团有限公司南京研发中心,互联网,2,1,1,南京,09:00,18:00,9.0,92.4,舒适,2
百洋,百洋,互联网,2,1,1,青岛,08:30,17:00,8.5,94.2,舒适,0
登科云,登科云,互联网,2,1,1,深圳,09:00,18:00,9.0,92.4,舒适,2
生物图腾,生物图腾,互联网,2,1,1,佛山,09:00,18:00,9.0,92.4,舒适,2
用友网络科技,用友网络科技,互联网,2,2,1,北京,09:22,18:45,9.4,75.5,良好,1
上海乐视网络,上海乐视网络,互联网,2,1,1,上海,10:00,20:30,10.5,58.5,一般,0
万机仪器,万机仪器,外企,2,1,1,深圳,08:00,17:00,9.0,89.7,舒适,2
福大利珠宝（深圳）,福大利珠宝（深圳）,外企,2,1,1,深圳,09:00,18:00,9.0,86.4,舒适,0
七牛,七牛,互联网,2,1,1,上海,10:30,20:00,9.5,84.6,良好,2
福建七匹狼,福建七匹狼,互联网,2,1,1,厦门,09:00,18:30,9.5,87.0,舒适,0
福建上善教育,福建上善教育,其他,2,1,1,福州,09:00,18:00,9.0,86.4,舒适,2
相芯科技,相芯科技,互联网,2,1,1,杭州,10:00,21:00,11.0,51.6,偏卷,0
点钢科技,点钢科技,其他,2,1,1,上海,09:00,,,,数据不足,2
湖南指尖时代,湖南指尖时代,互联网,2,1,1,长沙,09:00,18:00,9.0,92.4,舒适,2
湖南视拓信息技术,湖南视拓信息技术,互联网,2,1,1,介休,08:00,09:00,1.0,100.0,舒适,0
湖南镭目科技,湖南镭目科技,互联网,2,1,1,长沙,08:30,17:45,9.2,85.3,舒适,0
游卡桌游,游卡桌游,互联网,2,1,1,上海,09:00,18:00,9.0,92.4,舒适,0
游戏,游戏,互联网,2,1,1,深圳,09:00,18:00,9.0,92.4,舒适,0
湖北楚天云,湖北楚天云,互联网,2,1,1,武汉,08:30,17:30,9.0,91.0,舒适,2
上海宝尊电子商务,上海宝尊电子商务,互联网,2,1,1,上海,09:30,18:00,8.5,96.8,舒适,1
万达,万达,其他,2,2,1,北京,08:30,17:30,9.0,91.0,舒适,1
万达商管,万达商管,其他,2,1,2,各地广场、上海,09:00,18:15,9.2,89.7,舒适,1
电力系统国企,电力系统国企,互联网,2,1,1,南京,08:09,17:00,8.8,94.0,舒适,0
电商,电商,其他,2,1,2,西安、南昌,09:15,18:30,9.2,86.2,舒适,0
珠海华润银行,珠海华润银行,互联网,2,1,1,深圳,08:35,17:30,8.9,91.9,舒适,2
环境生态,环境生态,其他,2,1,1,,09:00,17:00,8.0,98.7,舒适,2
烽火通信,烽火通信,互联网,2,1,1,武汉,08:30,17:30,9.0,94.0,舒适,1
燃塑科技（北京）,燃塑科技（北京）,互联网,2,1,1,北京,10:00,19:00,9.0,89.2,舒适,0
深圳麦风科技,深圳麦风科技,互联网,2,1,1,深圳,09:00,20:30,11.5,49.4,偏卷,2
深规院,深规院,其他,2,1,1,深圳,09:09,15:30,6.4,100.0,舒适,1
渤海银行,渤海银行,金融,2,1,1,天津,08:30,17:30,9.0,91.0,舒适,2
深圳桥禾科技,深圳桥禾科技,互联网,2,1,1,深圳,09:00,21:00,12.0,45.5,偏卷,2
深圳电厂,深圳电厂,其他,2,1,1,深圳,00:30,08:10,7.7,93.4,舒适,0
深圳盈富斯科技有限公司(patpat),深圳盈富斯科技有限公司(patpat),互联网,2,1,1,深圳,10:00,20:00,10.0,78.4,良好,2
深圳融易学教育科技,深圳融易学教育科技,互联网,2,1,1,深圳,09:00,22:00,13.0,39.2,很卷,2
深圳市首航新能源,深圳市首航新能源,其他,2,1,1,深圳,08:30,20:00,11.5,51.8,偏卷,0
深圳微购科技,深圳微购科技,互联网,2,1,1,深圳,08:30,20:00,11.5,53.3,偏卷,0
上海星线网络,上海星线网络,互联网,2,1,1,上海,10:00,19:00,9.0,89.2,舒适,2
深圳智汇创想网络科技,深圳智汇创想网络科技,互联网,2,1,1,销售,09:00,20:00,11.0,56.3,一般,2
深圳有方科技,深圳有方科技,其他,2,1,1,西安,08:00,20:00,12.0,45.8,偏卷,0
爱瑞思软件（深圳）,爱瑞思软件（深圳）,互联网,2,1,1,需求分析,,,,,数据不足,2
爱谱雷,爱谱雷,互联网,2,1,1,北京,09:30,18:30,9.0,91.4,舒适,2
澎湃新闻,澎湃新闻,互联网,2,1,1,上海,09:00,22:00,13.0,39.2,很卷,0
点盛eyougame,点盛eyougame,互联网,2,1,1,广州,09:00,18:00,9.0,92.4,舒适,2
移远通信,移远通信,互联网,2,1,2,佛山、合肥,09:00,18:45,9.8,75.3,良好,0
金砖天网科技,金砖天网科技,互联网,2,1,1,汕头,08:30,18:00,9.5,83.4,良好,2
重庆常朝科技,重庆常朝科技,互联网,2,1,1,重庆,09:00,18:00,9.0,92.4,舒适,0
重百商社,重百商社,互联网,2,1,1,成都,09:00,18:00,9.0,92.4,舒适,2
深圳实验科技公司,深圳实验科技公司,互联网,2,1,1,深圳,07:10,18:30,11.3,63.0,一般,0
深圳小黑探网络科技,深圳小黑探网络科技,互联网,2,1,1,深圳,09:24,18:00,8.6,90.0,舒适,2
深圳市中数智云信息技术,深圳市中数智云信息技术,其他,2,1,1,深圳,09:00,18:00,9.0,92.4,舒适,2
深圳动能无线,深圳动能无线,互联网,2,1,1,深圳,09:15,18:30,9.2,89.5,舒适,2
深圳卖教授网络科技,深圳卖教授网络科技,互联网,2,1,1,南京,,,,,数据不足,2
深圳土鳖公司,深圳土鳖公司,互联网,2,1,1,深圳,09:00,18:00,9.0,87.9,舒适,2
海能达,海能达,互联网,2,1,1,深圳,08:10,17:40,9.5,87.0,舒适,0
海致,海致,互联网,2,1,2,北京、深圳,09:15,19:15,10.0,75.1,良好,0
海通证券,海通证券,金融,2,1,2,上海、北京,09:00,19:00,10.0,75.6,良好,1
上海任意门科技,上海任意门科技,互联网,2,1,2,上海、北京,10:00,14:45,9.5,90.6,舒适,1
上海农商银行,上海农商银行,金融,2,1,1,上海,08:30,19:00,10.5,68.1,一般,1
上海半秒信息科技,上海半秒信息科技,互联网,2,1,1,上海,08:30,15:00,6.5,100.0,舒适,0
海康机器人,海康威视,其他,2,1,1,杭州,08:30,21:00,12.5,41.0,偏卷,2
浙江达悟科技,浙江达悟科技,互联网,2,1,1,宁波,09:00,18:00,9.0,92.4,舒适,0
浙江鸿程计算机系统,浙江鸿程计算机系统,互联网,2,1,1,杭州,,,,,数据不足,2
上海穰川信息科技,上海穰川信息科技,互联网,2,1,1,上海,10:30,19:30,9.0,87.0,舒适,0
深圳市飞速创新技术,深圳市飞速创新技术,互联网,2,1,1,武汉,09:30,18:30,9.0,88.4,舒适,2
深圳市城市规划设计研究院,深圳市城市规划设计研究院,其他,2,1,1,深圳,09:45,21:00,11.2,53.0,偏卷,2
深圳市小草互联网科技,深圳市小草互联网科技,互联网,2,1,1,深圳,07:00,11:00,4.0,100.0,舒适,2
深圳市德富莱智能科技,深圳市德富莱智能科技,其他,2,1,2,深圳、建仓科技园,08:30,19:30,11.0,62.7,一般,2
深圳太极云软件,深圳太极云软件,互联网,2,1,1,深圳,08:45,17:45,9.0,91.7,舒适,2
盈趣科技,盈趣科技,互联网,2,1,1,厦门,06:00,15:00,9.0,86.7,舒适,2
盖娅互娱,盖娅互娱,互联网,2,1,1,北京,10:00,20:00,10.0,69.4,一般,0
三星中国总括,三星中国总括,其他,2,1,1,北京,08:00,17:00,9.0,89.7,舒适,0
一汽大众,一汽大众,其他,2,1,1,长春,08:00,18:15,10.2,74.7,良好,0
竞技世界,竞技世界,互联网,2,1,1,北京,10:00,19:45,9.8,75.1,良好,1
科大国创,科大国创,其他,2,1,1,合肥,09:00,18:00,9.0,92.4,舒适,2
科达科技,科达科技,互联网,2,1,1,苏州,09:00,17:30,8.5,95.5,舒适,2
上海聚水潭网络科技,上海聚水潭网络科技,互联网,2,1,1,上海,09:00,17:30,8.5,95.5,舒适,2
上海沉煜软件科技,上海沉煜软件科技,互联网,2,1,1,上海,10:00,19:30,9.5,77.8,良好,0
上海游斐-辛辣-荃尼网络科技,上海游斐-辛辣-荃尼网络科技,互联网,2,1,1,上海,09:00,18:00,9.0,92.4,舒适,2
浪潮国际,浪潮国际,其他,2,2,1,济南,08:30,19:45,11.2,60.0,一般,1
浙江杭州海亮教育研究院,浙江杭州海亮教育研究院,其他,2,1,1,杭州,09:00,20:30,11.5,55.4,一般,0
浙江源创建筑智能科技,浙江源创建筑智能科技,互联网,2,1,1,杭州,08:30,17:00,8.5,89.7,舒适,2
浙江萌瓜网络科技,浙江萌瓜网络科技,互联网,2,1,1,新加坡,09:00,18:00,9.0,92.4,舒适,0
浙江讯盟科技,浙江讯盟科技,互联网,2,1,1,杭州,10:00,21:00,11.0,57.6,一般,2
浙商银行,浙商银行,金融,2,1,1,杭州,08:30,17:30,9.0,91.0,舒适,0
上海语航信息科技,上海语航信息科技,互联网,2,1,1,上海,10:00,17:00,7.0,100.0,舒适,0
上海金杉数金网络科技(已与磐厚资本合并),上海金杉数金网络科技(已与磐厚资本合并),互联网,2,1,1,上海,08:09,18:09,10.0,83.1,良好,2
上海甄云,上海甄云,互联网,2,1,1,上海,09:00,09:15,0.5,100.0,舒适,0
润隍科技,润隍科技,互联网,2,1,1,中山,09:30,17:30,8.0,100.0,舒适,2
上海巧目智能科技,上海巧目智能科技,互联网,2,1,1,上海,09:00,18:00,9.0,92.4,舒适,0
上海微电子,上海微电子,其他,2,1,1,上海,08:45,17:00,8.5,94.8,舒适,1
海南蝴蝶效应,海南蝴蝶效应,互联网,2,1,1,广州,09:00,21:00,12.0,45.5,偏卷,2
金钱猫科技,金钱猫科技,互联网,2,1,1,福州,08:00,18:00,10.0,77.4,良好,0
福建康佰家医药,福建康佰家医药,其他,2,1,1,福州,08:30,17:30,9.0,91.0,舒适,0
碧桂园,碧桂园,其他,2,1,1,佛山,08:30,19:00,10.5,67.1,一般,0
神州付,神州付,互联网,2,1,1,北京,10:00,21:00,11.0,57.6,一般,0
上海畅移信息科技,上海畅移信息科技,互联网,2,1,1,西安,09:30,18:30,9.0,91.4,舒适,2
上海神炎网络,上海神炎网络,互联网,2,1,1,上海,08:00,17:00,9.0,89.7,舒适,2
浙江宏森科技,浙江宏森科技,互联网,2,1,1,杭州,08:30,10:30,2.0,100.0,舒适,2
洛阳众智软件,洛阳众智软件,互联网,2,1,1,洛阳,08:09,21:00,12.8,36.3,很卷,0
流利说,流利说,互联网,2,1,1,上海,10:00,20:00,10.0,78.4,良好,0
济南荣途信息科技,济南荣途信息科技,互联网,2,1,1,,,,,,数据不足,2
浙商证券,浙商证券,金融,2,1,1,杭州,08:30,17:00,8.5,94.2,舒适,0
河南晟盾科技公司,河南晟盾科技公司,互联网,2,1,1,郑州,08:30,17:30,9.0,91.0,舒适,0
泛微网络,泛微网络,其他,2,1,1,上海,09:00,21:30,12.5,38.6,很卷,2
泡泡玛特,泡泡玛特,互联网,2,1,2,全国、北京,09:00,18:00,9.0,86.4,舒适,2
上海综平科技(隶属于至诚ESG上海分公司),上海综平科技(隶属于至诚ESG上海分公司),互联网,2,1,1,上海,09:00,17:30,8.5,95.5,舒适,2
上海联影医疗科技,上海联影医疗科技,互联网,2,1,1,上海,09:30,20:30,11.0,55.4,一般,2
河南中钢网,河南中钢网,其他,2,1,1,郑州,08:09,17:30,9.4,81.9,良好,2
江西掌中无限科技,江西掌中无限科技,互联网,2,1,1,南昌,08:30,17:30,9.0,86.5,舒适,2
汇纳科技,汇纳科技,互联网,2,1,1,西安,09:00,17:30,8.5,95.5,舒适,2
江苏先维科技,江苏先维科技,互联网,2,1,1,南京,08:30,20:30,12.0,50.9,偏卷,2
江苏泰治科技,江苏泰治科技,其他,2,1,1,南京,09:00,18:00,9.0,92.4,舒适,2
民生银行,民生银行,金融,2,1,2,成都、北京,08:15,13:45,11.0,67.8,一般,1
民生银行信用卡中心,民生银行信用卡中心,金融,2,1,1,北京,,,,,数据不足,2
上海电气,上海电气,其他,2,1,1,上海,08:30,16:30,8.0,97.3,舒适,0
金十,金十,互联网,2,1,1,广州,10:00,18:00,8.0,100.0,舒适,2
郑州煤矿机械,郑州煤矿机械,其他,2,1,1,郑州,08:00,17:15,9.2,88.4,舒适,2
酷狗音乐,酷狗音乐,互联网,2,1,1,广州,09:30,19:15,9.8,77.4,良好,1
长城,长城,其他,2,1,1,保定,08:00,20:00,12.0,45.8,偏卷,0
HDL,HDL,互联网,2,1,1,北京,09:00,19:30,10.5,60.2,一般,0
HID Global,HID Global,外企,2,1,1,,08:00,17:00,9.0,89.7,舒适,2
Coupang,Coupang,互联网,2,1,1,上海,10:00,18:30,8.5,94.6,舒适,0
Deleted,Deleted,互联网,2,1,1,深圳,09:00,20:00,11.0,54.8,偏卷,2
上海高顿教育,上海高顿教育,其他,2,1,1,上海,09:00,20:00,11.0,60.8,一般,0
下厨房,下厨房,互联网,2,1,1,北京,10:20,18:30,8.2,96.5,舒适,0
永辉超市,永辉超市,互联网,2,1,2,上海、北京,10:00,20:30,10.5,67.0,一般,2
武汉尚德机构,武汉尚德机构,其他,2,1,1,武汉,10:00,19:00,9.0,89.2,舒适,2
武汉市精伦电子,武汉市精伦电子,互联网,2,1,1,武汉,08:30,17:00,8.5,94.2,舒适,2
武汉易趣科技,武汉易趣科技,互联网,2,1,1,武汉,09:00,18:30,9.5,87.0,舒适,0
武汉极意网络科技,武汉极意网络科技,互联网,2,1,1,武汉,09:00,18:30,9.5,87.0,舒适,2
武汉联影医疗科技,武汉联影医疗科技,互联网,2,1,1,武汉,09:00,20:30,11.5,50.9,偏卷,2
中体城,中体城,其他,2,1,1,南京,08:00,21:00,13.0,41.0,偏卷,0
业兢,业兢,其他,2,1,1,成都,09:00,17:30,8.5,95.5,舒适,2
汽车配件生产厂,汽车配件生产厂,其他,2,1,1,宁波,08:00,17:00,9.0,83.7,良好,2
沃丰科技,沃丰科技,互联网,2,1,2,北京、武汉,09:30,18:30,9.0,88.4,舒适,2
沃尔玛,沃尔玛,外企,2,1,1,深圳,09:00,18:00,9.0,92.4,舒适,2
河北亚金,河北亚金,互联网,2,1,1,保定,09:00,18:00,9.0,86.4,舒适,0
河北卡鱼科技信息,河北卡鱼科技信息,其他,2,1,1,唐山,,,,,数据不足,2
河北神玥软件科技,河北神玥软件科技,互联网,2,1,1,石家庄,09:00,12:00,3.0,100.0,舒适,2
红星云计算科技,红星云计算科技,其他,2,1,1,上海,09:30,20:00,10.5,65.2,一般,0
东方国信,东方国信,互联网,2,1,1,北京,09:15,18:00,8.8,94.3,舒适,2
东方海外,东方海外,互联网,2,1,1,珠海,08:15,17:15,9.0,90.4,舒适,2
东方海外(OOCL),东方海外(OOCL),互联网,2,1,1,珠海,08:30,17:30,9.0,91.0,舒适,2
武汉赛思软件,武汉赛思软件,互联网,2,1,1,武汉,08:30,19:00,10.5,67.1,一般,0
每日互动,每日互动,互联网,2,1,1,杭州,09:00,20:00,11.0,60.8,一般,1
每日优鲜,每日优鲜,互联网,2,1,1,北京,10:00,20:00,10.0,78.4,良好,1
武汉四维图新,武汉四维图新,互联网,2,1,1,武汉,08:30,20:00,11.5,56.3,一般,2
武汉宏微云,武汉宏微云,互联网,2,1,1,武汉,09:00,18:00,9.0,87.9,舒适,0
梵大,梵大,互联网,2,1,1,广州,09:30,18:30,9.0,87.0,舒适,0
森果（武汉小果科技有限公司）,森果（武汉小果科技有限公司）,互联网,2,1,1,武汉,09:00,18:30,9.5,90.0,舒适,0
中呈地产,中呈地产,其他,2,1,1,上海,09:00,18:00,9.0,92.4,舒适,2
永新,永新,其他,2,1,1,南京,08:00,20:30,12.5,43.4,偏卷,0
上海风炫文化,上海风炫文化,互联网,2,1,1,上海,09:00,18:00,9.0,92.4,舒适,0
上海风语筑,上海风语筑,其他,2,1,1,上海,10:30,17:30,7.0,100.0,舒适,0
上海骞云信息科技,上海骞云信息科技,其他,2,1,1,上海,09:00,18:09,9.2,86.2,舒适,0
杭州麒赢,杭州麒赢,互联网,2,1,1,杭州,09:30,19:00,9.5,83.1,良好,0
杭州黑白调科技,杭州黑白调科技,互联网,2,1,1,杭州,08:30,18:00,9.5,84.9,良好,0
杰科数码,杰科数码,其他,2,1,1,深圳,08:40,17:30,8.8,92.7,舒适,2
松下,松下,互联网,2,1,1,无锡,08:45,17:30,8.8,88.5,舒适,0
杭州炎魂网络科技有限公司（小白工作室）,杭州炎魂网络科技有限公司（小白工作室）,互联网,2,1,1,杭州,09:30,21:00,11.5,53.0,偏卷,0
中信网络科技,中信网络科技,互联网,2,2,2,广州、北京,08:30,17:15,8.8,92.6,舒适,0
东华软件,东华软件,金融,2,1,1,西安,09:00,21:00,12.0,44.0,偏卷,2
神州泰岳,神州泰岳,互联网,2,1,1,北京,09:00,18:00,9.0,92.4,舒适,2
神软,神软,互联网,2,1,1,成都,09:00,18:00,9.0,92.4,舒适,2
thoughtWorks,thoughtWorks,互联网,2,1,1,成都,09:30,18:00,8.5,96.8,舒适,0
nike,nike,外企,2,1,1,上海,09:30,17:30,8.0,100.0,舒适,1
pony.ai,pony.ai,其他,2,1,1,北京,11:00,21:00,10.0,73.9,良好,2
箭牌卫浴,箭牌卫浴,其他,2,1,1,佛山,08:45,18:15,9.5,82.9,良好,2
紫光华智,紫光华智,互联网,2,1,1,重庆,08:00,,,,数据不足,2
紫光展锐,紫光展锐,互联网,2,1,2,西安、上海,08:39,13:09,9.0,91.4,舒适,0
紫龙游戏,紫龙游戏,互联网,2,1,1,北京,10:00,21:00,11.0,53.1,偏卷,0
中国电子科技集团公司第四十七研究所,中国电子科技集团公司第四十七研究所,其他,2,1,1,沈阳,08:30,17:00,8.5,88.2,舒适,2
中信银行信用卡中心,中信银行信用卡中心,金融,2,1,1,深圳,08:45,18:00,9.2,90.1,舒适,1
中信银行总行,中信银行总行,互联网,2,1,1,北京,08:30,17:30,9.0,91.0,舒适,2
中冶赛迪,中冶赛迪,互联网,2,1,1,重庆,08:30,17:30,9.0,91.0,舒适,2
杭州拓深科技,杭州拓深科技,互联网,2,1,1,杭州,08:00,18:00,10.0,83.4,良好,0
杭州掌动科技,杭州掌动科技,互联网,2,1,1,杭州,09:00,20:00,11.0,60.8,一般,0
杭州智享新电科技,杭州智享新电科技,互联网,2,1,1,杭州,09:00,21:00,12.0,50.0,偏卷,0
杭州有赞科技,杭州有赞科技,互联网,2,1,2,杭州、北京,09:30,19:45,10.2,72.0,良好,2
杭州林鲲科技,杭州林鲲科技,其他,2,1,1,杭州,09:00,12:00,3.0,100.0,舒适,2
杭州云呼网络,杭州云呼网络,互联网,2,1,1,杭州,09:00,18:00,9.0,92.4,舒适,0
杭州前缀网络科技,杭州前缀网络科技,互联网,2,1,1,杭州,09:00,21:30,12.5,44.6,偏卷,0
中国建筑第五工程局,中国建筑第五工程局,其他,2,2,2,济南、全国不定点,04:00,17:29,13.5,39.4,很卷,1
中国五冶,中国五冶,其他,2,2,2,上海、成都,08:15,17:30,9.2,88.8,舒适,2
歌尔声学,歌尔声学,互联网,2,1,1,青岛,08:00,17:00,9.0,83.7,良好,2
格林豪泰,格林豪泰,其他,2,1,1,上海,09:00,18:00,9.0,87.9,舒适,2
杭州视在信息技术,杭州视在信息技术,互联网,2,1,1,杭州,09:00,18:00,9.0,92.4,舒适,2
雅迪科技集团有限公司国内销售公司,雅迪科技集团有限公司国内销售公司,其他,2,1,1,无锡,08:00,17:30,9.5,80.6,良好,2
长沙睿展数据科技,长沙睿展数据科技,互联网,2,1,1,长沙,09:00,19:00,10.0,81.6,良好,2
长沙辰运蜜獾,长沙辰运蜜獾,其他,2,1,1,长沙,08:00,17:00,9.0,89.7,舒适,2
阅尔基因,阅尔基因,其他,2,1,1,苏州,09:00,17:30,8.5,95.5,舒适,2
望石智慧,望石智慧,互联网,2,1,1,北京,10:00,19:00,9.0,89.2,舒适,0
木仓科技,木仓科技,互联网,2,1,1,武汉,08:30,18:00,9.5,87.9,舒适,1
稿定科技,稿定科技,互联网,2,1,2,厦门、深圳,09:15,18:30,9.2,89.2,舒适,2
立达信,立达信,互联网,2,1,1,厦门,08:30,21:00,12.5,45.5,偏卷,2
站酷,站酷,互联网,2,1,1,北京,09:30,18:30,9.0,91.4,舒适,1
美术宝,美术宝,互联网,2,1,2,朝来科技元园、北京,10:00,20:00,10.0,69.4,一般,1
funplus,funplus,互联网,2,1,1,北京,10:15,20:00,9.8,74.0,良好,0
grab,grab,互联网,2,1,1,海外,10:00,19:00,9.0,89.2,舒适,2
绵阳智如科技,绵阳智如科技,互联网,2,1,1,绵阳,10:00,23:00,13.0,27.0,很卷,2
绿盟,绿盟,互联网,2,1,2,北京、成都,09:30,18:30,9.0,91.4,舒适,2
网心科技,网心科技,互联网,2,1,1,北京,10:30,18:00,7.5,100.0,舒适,2
中国电子科技集团公司第三十六研究所,中国电子科技集团公司第三十六研究所,互联网,2,1,1,嘉兴,08:30,17:00,8.5,89.7,舒适,2
普联软件,普联软件,互联网,2,1,2,北京、安定门外大街,08:45,17:54,9.2,90.8,舒适,1
易事特,易事特,互联网,2,1,1,东莞,08:00,17:50,9.8,84.7,良好,2
中国人寿保险,中国人寿保险,金融,2,1,1,北京,09:00,17:00,8.0,98.7,舒适,2
中国人寿保险公司,中国人寿保险公司,金融,2,1,1,郴州,08:00,12:00,4.0,100.0,舒适,2
杭州反重力智能科技,杭州反重力智能科技,其他,2,1,1,杭州,09:00,20:30,11.5,49.4,偏卷,2
杭州奇侠互动网络科技,杭州奇侠互动网络科技,互联网,2,1,1,杭州,09:00,21:00,12.0,50.0,偏卷,0
杭州小拇指,杭州小拇指,互联网,2,1,1,杭州,08:13,17:15,9.0,90.3,舒适,0
最右,最右,互联网,2,1,1,北京,,,,,数据不足,2
鑫汇客,鑫汇客,互联网,2,1,1,长沙,09:00,17:30,8.5,95.5,舒适,2
银科控股-上海九方智能科技,银科控股-上海九方智能科技,互联网,2,1,1,上海,09:00,18:30,9.5,87.0,舒适,2
银联,银联,金融,2,1,1,上海,09:00,20:30,11.5,55.4,一般,2
金华青鸟计算机信息计算,金华青鸟计算机信息计算,互联网,2,1,1,金华,08:20,09:00,0.7,100.0,舒适,2
金山云,金山,互联网,2,1,2,武汉、北京,10:00,20:00,10.0,81.4,良好,1
CVTE,CVTE,其他,2,1,1,广州,09:00,18:45,9.8,75.3,良好,1
陕西新才,陕西新才,互联网,2,1,1,西安,08:30,18:00,9.5,87.9,舒适,2
隼目科技,隼目科技,互联网,2,1,1,杭州,09:00,21:00,12.0,50.0,偏卷,0
联易融Linklogis,联易融Linklogis,互联网,2,1,1,深圳,09:30,18:00,8.5,96.8,舒适,0
美云集网络科技,美云集网络科技,其他,2,1,1,深圳,09:00,22:00,13.0,33.2,很卷,0
美图,美图,互联网,2,1,2,北京、厦门,09:00,18:00,9.0,92.4,舒适,1
美律电子(惠州),美律电子(惠州),其他,2,1,1,惠州,07:55,19:10,11.2,54.6,偏卷,2
艾科普,艾科普,互联网,2,1,1,南宁,08:30,17:30,9.0,91.0,舒适,0
昆明南天电脑系统,昆明南天电脑系统,其他,2,1,1,昆明,09:00,19:30,10.5,54.2,偏卷,0
明源,明源,互联网,2,1,1,郑州,08:09,18:00,9.8,84.7,良好,2
明源云,明源云,互联网,2,1,1,深圳,09:22,18:00,8.6,95.6,舒适,2
中国电子科技集团第十研究所(中电10所),中国电子科技集团第十研究所(中电10所),互联网,2,1,1,成都,08:30,17:30,9.0,85.0,舒适,2
智洋创新科技,智洋创新科技,其他,2,1,1,淄博,07:55,17:15,9.4,87.5,舒适,2
智联招聘,智联招聘,互联网,2,1,2,北京、一线城,00:00,09:00,,,数据不足,0
曙光信息产业,曙光信息产业,互联网,2,1,2,青岛、天津,09:00,13:30,9.0,89.4,舒适,1
映盛中国,映盛中国,其他,2,1,1,上海,09:00,21:00,12.0,50.0,偏卷,2
晋江文学城,晋江文学城,互联网,2,1,1,北京,09:00,18:00,9.0,92.4,舒适,0
晨光生物,晨光生物,其他,2,1,1,邯郸,07:37,18:45,11.1,60.8,一般,2
普洛斯,普洛斯,外企,2,1,2,上海、北京,09:15,18:15,9.0,91.9,舒适,1
新希望金融信息,新希望金融信息,互联网,2,1,1,成都,09:00,19:00,10.0,81.6,良好,2
新康众,新康众,互联网,2,1,1,杭州,09:30,20:00,10.5,69.2,一般,1
中国软件与技术服务,中国软件与技术服务,互联网,2,1,1,北京,09:00,09:00,,,数据不足,0
中国重汽,中国重汽,其他,2,1,2,济南、济宁,08:15,20:45,12.5,39.9,很卷,0
无锡华通,无锡华通,其他,2,1,1,无锡,08:30,20:00,11.5,50.3,偏卷,2
时代地智,时代地智,互联网,2,1,1,武汉,08:30,18:00,9.5,87.9,舒适,2
时代银通,时代银通,互联网,2,1,1,杭州,08:45,18:30,9.8,84.4,良好,2
昂博国际供应链,昂博国际供应链,外企,2,1,1,深圳,09:00,18:00,9.0,92.4,舒适,2
维信诺,维信诺,其他,2,1,1,广州,08:30,20:30,12.0,44.9,偏卷,2
tap4fun,tap4fun,互联网,2,1,1,北京,10:00,21:00,11.0,57.6,一般,2
bibili,bibili,互联网,2,1,1,上海,10:00,21:00,11.0,57.6,一般,2
bigo,bigo,互联网,2,1,2,广州、北京,09:30,20:00,10.5,65.2,一般,1
capgemini,capgemini,互联网,2,1,1,北京,08:30,19:00,10.5,70.1,良好,2
自如,自如,互联网,2,1,1,北京,09:00,18:00,9.0,92.4,舒适,1
翔创（北京）科技,翔创（北京）科技,互联网,2,1,1,北京,09:30,20:30,11.0,59.8,一般,0
翼鸥教育,翼鸥教育,其他,2,1,1,北京,10:00,19:00,9.0,89.2,舒适,0
航天,航天,互联网,2,1,2,南京、北京,08:30,17:00,8.5,94.2,舒适,1
育碧,育碧,互联网,2,1,2,上海、成都,09:30,18:30,9.0,91.4,舒适,1
aviagames,aviagames,互联网,2,1,1,北京,10:00,20:00,10.0,72.4,良好,2
Tubi,Tubi,互联网,2,1,1,北京,10:00,17:30,7.5,100.0,舒适,2
新华社,新华社,其他,2,1,1,北京,08:00,16:00,8.0,96.0,舒适,2
撤销我的更改，谢谢,撤销我的更改，谢谢,互联网,2,1,1,燕郊,09:00,12:00,3.0,100.0,舒适,0
攸乐科技TOPJOY,攸乐科技TOPJOY,互联网,2,1,1,北京,10:00,21:30,11.5,47.7,偏卷,2
敏华,敏华,互联网,2,1,1,上海,09:00,21:00,12.0,44.0,偏卷,2
教育公司,教育公司,其他,2,1,2,郑州、大连,08:45,17:45,9.0,91.7,舒适,1
挚途科技,挚途科技,其他,2,1,1,苏州,09:00,18:00,9.0,92.4,舒适,2
搜狐畅游,搜狐,互联网,2,1,1,北京,10:00,16:00,12.0,58.8,一般,1
中国电科27,中国电科27,互联网,2,1,1,郑州,08:09,18:00,9.8,84.7,良好,2
中国科学院软件研究所,中国科学院软件研究所,互联网,2,1,1,北京,09:00,18:00,9.0,92.4,舒适,2
施强,施强,互联网,2,1,1,杭州,09:00,21:00,12.0,50.0,偏卷,0
施耐德电气,施耐德电气,外企,2,1,2,天津、无锡,08:30,17:30,9.0,86.5,舒适,1
新奥,新奥,互联网,2,1,1,北京,09:30,18:30,9.0,91.4,舒适,0
搜狗,搜狗,互联网,2,1,1,北京,10:15,20:30,10.2,71.6,良好,0
拉勾网,拉勾网,互联网,2,1,2,上海、北京,09:30,21:15,11.8,51.8,偏卷,1
拉卡拉上海,拉卡拉上海,金融,2,1,1,上海,09:00,18:15,9.2,90.0,舒适,2
招商新智科技,招商新智科技,互联网,2,1,1,重庆,09:00,17:30,8.5,95.5,舒适,0
招商证券,招商证券,金融,2,1,1,深圳,08:30,17:45,9.2,89.5,舒适,0
招引网络科技,招引网络科技,互联网,2,1,1,成都,08:30,08:30,,,数据不足,2
中建八局四公司,中建八局四公司,其他,2,1,1,青岛,08:15,18:15,10.0,70.9,良好,1
新浪乐居,新浪乐居,互联网,2,1,1,北京,09:00,18:00,9.0,92.4,舒适,0
文雅科信息技术,文雅科信息技术,互联网,2,1,1,大连,08:00,17:00,9.0,92.7,舒适,0
斗鱼,斗鱼,互联网,2,1,1,武汉,10:15,19:45,9.5,85.7,舒适,1
clickpaas,clickpaas,互联网,2,1,1,苏州,09:00,19:00,10.0,84.6,良好,2
deli,deli,互联网,2,1,1,,08:30,17:30,9.0,91.0,舒适,0
XD,XD,互联网,2,1,1,上海,10:05,18:00,7.9,100.0,舒适,0
Yeelight,Yeelight,互联网,2,1,1,青岛,09:00,18:00,9.0,92.4,舒适,2
芯赛云计算,芯赛云计算,互联网,2,1,1,上海,09:00,18:00,9.0,92.4,舒适,0
致同会计师事务所,致同会计师事务所,其他,2,1,1,北京,09:00,17:00,8.0,98.7,舒适,1
苏州博众精工,苏州博众精工,其他,2,1,1,苏州,08:30,21:30,13.0,35.6,很卷,0
航旅纵横,航旅纵横,互联网,2,1,1,北京,09:00,17:30,8.5,95.5,舒适,2
艾地设计,艾地设计,其他,2,1,1,广州,09:00,18:00,9.0,92.4,舒适,0
Vivo,Vivo,互联网,2,1,2,南京、深圳,09:00,09:00,,,数据不足,1
房天下,房天下,互联网,2,1,1,北京,09:00,18:00,9.0,92.4,舒适,1
扇贝网,扇贝网,互联网,2,1,1,南京,09:00,19:00,10.0,81.6,良好,0
打扮家,打扮家,其他,2,1,1,北京,10:00,20:00,10.0,75.4,良好,2
成都国铁电气设备,成都国铁电气设备,互联网,2,1,1,成都,09:00,17:30,8.5,95.5,舒适,2
成都奇侠互娱科技,成都奇侠互娱科技,互联网,2,1,1,成都,10:00,21:00,11.0,51.6,偏卷,2
成都康天科技,成都康天科技,互联网,2,1,1,成都,09:30,21:00,11.5,54.4,偏卷,0
成都数字家园科技,成都数字家园科技,互联网,2,1,1,成都,09:00,20:30,11.5,55.4,一般,2
成都新柒玩科技,成都新柒玩科技,互联网,2,1,1,成都,09:00,18:00,9.0,92.4,舒适,2
成都杰艺科技,成都杰艺科技,互联网,2,1,1,成都,09:30,18:30,9.0,91.4,舒适,2
中建四局,中建四局,其他,2,1,2,深圳、南宁,07:10,13:30,6.4,91.4,舒适,1
中建四局一公司珠海,中建四局一公司珠海,其他,2,1,1,广州,07:00,10:00,3.0,100.0,舒适,2
中国银行软件中心,中国银行软件中心,互联网,2,1,1,北京,08:30,17:30,9.0,91.0,舒适,2
惠普,惠普,互联网,2,1,1,上海,09:00,17:00,8.0,100.0,舒适,0
必示,必示,互联网,2,1,1,北京,09:00,18:00,9.0,92.4,舒适,0
思创医惠,思创医惠,互联网,2,1,1,杭州,09:00,13:30,4.5,100.0,舒适,1
思可教育,思可教育,其他,2,1,1,深圳,09:30,18:30,9.0,91.4,舒适,2
中科院计算所,中科院计算所,其他,2,1,1,北京,09:00,23:00,14.0,28.4,很卷,0
中移,中移,其他,2,1,2,雄安、杭州,08:45,18:45,10.0,76.0,良好,0
中建八局第三建设,中建八局第三建设,其他,2,1,1,杭州,08:00,,,,数据不足,2
成都联联周边游,成都联联周边游,互联网,2,1,1,成都,09:30,,,,数据不足,2
成都腾达研究所（成都吉祥锐意）,成都腾达研究所（成都吉祥锐意）,互联网,2,1,1,成都,08:30,18:00,9.5,87.9,舒适,2
Unity,Unity,互联网,2,1,1,上海,10:00,12:00,8.0,100.0,舒适,0
英伟达,英伟达,互联网,2,1,2,深圳、北京,09:39,17:39,8.0,100.0,舒适,1
花旗金融,花旗金融,外企,2,1,1,上海,09:15,18:15,9.0,91.9,舒适,0
花旗金融信息服务,花旗金融信息服务,互联网,2,2,1,上海,09:00,18:00,9.0,92.4,舒适,0
苏宁易购,苏宁易购,互联网,2,2,1,南京,09:00,20:30,11.5,55.4,一般,1
苏宁环球融资租赁（天津）,苏宁环球融资租赁（天津）,金融,2,1,1,南京,08:09,17:09,9.0,90.1,舒适,0
苏宁金融,苏宁金融,互联网,2,1,1,南京,09:00,19:30,10.5,70.2,良好,2
中海创科技(福建),中海创科技(福建),互联网,2,1,1,福州,08:30,17:30,9.0,88.0,舒适,2
中电五十四所,中电五十四所,其他,2,1,1,石家庄,08:00,18:00,10.0,77.4,良好,2
恒大地产,恒大地产,其他,2,1,1,,08:30,18:00,9.5,81.9,良好,2
恒昌,恒昌,互联网,2,1,1,北京,09:00,18:00,9.0,92.4,舒适,2
德容信息技术,德容信息技术,互联网,2,1,1,西安,08:30,18:00,9.5,87.9,舒适,2
心动互娱,心动互娱,互联网,2,1,1,上海,10:00,19:00,9.0,89.2,舒适,0
心动网络,心动网络,互联网,2,1,1,上海,10:00,18:30,8.5,94.6,舒适,0
心田花开,心田花开,互联网,2,1,1,成都,10:00,20:09,10.2,70.8,良好,2
得物APP,得物APP,互联网,2,1,1,上海,09:00,09:00,,,数据不足,2
微众银行,微众银行,互联网,2,1,1,深圳,09:50,21:45,11.9,48.6,偏卷,1
微保,微保,互联网,2,1,1,深圳,10:00,20:30,10.5,67.0,一般,1
中电鸿信,中电鸿信,互联网,2,1,1,南京,08:30,,,,数据不足,2
中星智能系统技术,中星智能系统技术,互联网,2,1,1,太原,09:00,17:30,8.5,95.5,舒适,0
成电医星,成电医星,互联网,2,1,1,成都,08:30,17:30,9.0,91.0,舒适,2
成都云巢智联科技,成都云巢智联科技,其他,2,1,1,成都,09:00,18:00,9.0,92.4,舒适,0
恺英网络,恺英网络,互联网,2,1,1,上海,09:45,14:15,9.0,93.7,舒适,2
苏州碧格网络科技,苏州碧格网络科技,互联网,2,1,1,苏州,08:00,17:00,9.0,89.7,舒适,2
苏州科达,苏州科达,互联网,2,1,2,苏州、上海,09:00,17:30,8.5,95.5,舒适,1
ZOOM,ZOOM,互联网,2,1,1,合肥,09:00,18:30,9.5,87.0,舒适,0
TT语音,TT语音,互联网,2,1,1,广州,09:00,19:30,10.5,66.2,一般,2
TalkingData,TalkingData,互联网,2,1,1,北京,09:30,18:30,9.0,91.4,舒适,0
微品致远,微品致远,互联网,2,1,1,济南,09:00,18:30,9.5,87.0,舒适,2
微拍堂,微拍堂,互联网,2,1,2,杭州、成都,08:45,20:00,11.2,58.5,一般,2
中证信息技术服务,中证信息技术服务,互联网,2,1,1,北京,08:00,17:00,9.0,89.7,舒适,2
中车四方所,中车四方所,其他,2,1,1,青岛,08:00,20:00,12.0,45.8,偏卷,1
中车青岛四方车辆研究所,中车青岛四方车辆研究所,其他,2,1,1,青岛,08:00,17:00,9.0,83.7,良好,0
中科曙光,中科曙光,互联网,2,1,1,北京,09:00,19:00,10.0,69.6,一般,1
中科院岩土所,中科院岩土所,其他,2,1,1,武汉,08:00,22:00,14.0,24.2,很卷,0
中科院自动化所,中科院自动化所,互联网,2,1,1,北京,09:00,19:15,10.2,69.9,一般,1
中策征信,中策征信,互联网,2,1,1,大连,08:09,18:00,9.8,84.7,良好,2
中维世纪,中维世纪,互联网,2,1,1,济南,09:00,13:00,4.0,100.0,舒适,0
中联重科,中联重科,其他,2,1,1,长沙,08:09,12:30,8.7,89.0,舒适,1
中航工业成都飞机设计研究所,中航工业成都飞机设计研究所,其他,2,1,1,成都,08:30,22:00,13.5,28.7,很卷,0
微策略软件,微策略软件,互联网,2,1,1,杭州,10:00,18:00,8.0,100.0,舒适,2
开思时代,开思时代,互联网,2,1,1,深圳,09:00,18:00,9.0,87.9,舒适,2
彩云科技,彩云科技,互联网,2,1,1,北京,10:30,19:00,8.5,92.4,舒适,0
得到APP,得到APP,互联网,2,1,1,北京,,00:00,,,数据不足,2
得力智能办公研究院,得力智能办公研究院,互联网,2,1,1,武汉,08:30,17:30,9.0,91.0,舒适,2
广西银联,广西银联,互联网,2,1,1,南宁,10:00,18:00,8.0,100.0,舒适,0
康宝莱上海,康宝莱上海,互联网,2,1,1,上海,,,,,数据不足,0
中银金融科技,中银金融科技,互联网,2,1,1,上海,08:30,17:30,9.0,91.0,舒适,1
SmartNews,SmartNews,互联网,2,1,1,上海,10:00,19:00,9.0,89.2,舒适,0
SmartX,SmartX,互联网,2,1,1,北京,09:30,19:00,9.5,86.1,舒适,2
Storehub,Storehub,互联网,2,1,1,上海,10:30,19:30,9.0,87.0,舒适,2
荣端游戏,荣端游戏,互联网,2,1,1,广州,10:00,19:00,9.0,84.7,良好,2
荣耀,荣耀,其他,2,1,1,北京,08:30,10:30,2.0,100.0,舒适,2
苏州智数信息科技,苏州智数信息科技,互联网,2,1,1,苏州,08:30,18:00,9.5,87.9,舒适,2
苏州矩子智能科技,苏州矩子智能科技,其他,2,1,1,苏州,08:30,17:30,9.0,91.0,舒适,0
广州保伦电子有限公司（itc）,广州保伦电子有限公司（itc）,互联网,2,1,1,广州,08:30,18:00,9.5,84.9,良好,2
广州农商银行,广州农商银行,金融,2,1,1,广州,08:30,20:30,12.0,50.9,偏卷,2
广州博依特智能信息技术,广州博依特智能信息技术,互联网,2,1,1,广州,09:00,18:30,9.5,87.0,舒适,2
广州嘉为科技,广州嘉为科技,互联网,2,1,1,上海,09:00,18:00,9.0,86.4,舒适,0
中通快递,中通快递,其他,2,1,2,泉州、上海,08:07,17:45,9.0,84.0,良好,1
中通服创立信息科技,中通服创立信息科技,互联网,2,1,1,成都,09:00,21:00,12.0,44.0,偏卷,0
广州趣丸网络科技,广州趣丸网络科技,互联网,2,1,1,广州,09:00,18:30,9.5,87.0,舒适,0
广州银凌工艺品,广州银凌工艺品,其他,2,1,1,广州,09:00,17:30,8.5,95.5,舒适,2
广州零纪元,广州零纪元,互联网,2,1,1,广州,10:30,22:00,11.5,44.0,偏卷,0
广电运通金融电子科技,广电运通金融电子科技,互联网,2,1,1,广州,08:00,17:00,9.0,89.7,舒适,2
广西桂通科技,广西桂通科技,其他,2,1,1,柳州,09:00,18:00,9.0,86.4,舒适,2
广州海格通信,广州海格通信,互联网,2,1,1,广州,08:15,17:30,9.2,89.1,舒适,0
广州点盛,广州点盛,互联网,2,1,1,广州,09:00,18:00,9.0,92.4,舒适,2
广州点触,广州点触,互联网,2,1,1,广州,09:30,18:30,9.0,91.4,舒适,2
广州瘦吧科技,广州瘦吧科技,互联网,2,1,1,广州,10:00,21:00,11.0,57.6,一般,0
乐曼多,乐曼多,其他,2,1,1,成都,09:00,19:00,10.0,77.1,良好,2
荏原机械淄博,荏原机械淄博,外企,2,1,1,,08:30,17:00,8.5,94.2,舒适,0
Veeva(维我科技),Veeva(维我科技),互联网,2,1,1,北京,10:00,18:09,8.2,98.4,舒适,2
Versetech,Versetech,互联网,2,1,1,上海,10:30,20:30,10.0,76.2,良好,2
Vibe Inc,Vibe Inc,互联网,2,1,1,杭州,10:00,18:30,8.5,94.6,舒适,2
乐相科技,乐相科技,互联网,2,1,1,上海,09:00,18:00,9.0,87.9,舒适,0
中铁十二局,中铁十二局,其他,2,1,1,,05:30,18:00,12.5,45.7,偏卷,2
中铁十四局集团大盾构工程,中铁十四局集团大盾构工程,其他,2,1,1,技术岗位,07:20,18:00,10.7,57.0,一般,2
中铁建工,中铁建工,其他,2,2,1,北京,07:45,19:30,11.8,47.6,偏卷,2
广州蓝深科技,广州蓝深科技,互联网,2,1,1,广州,09:00,17:30,8.5,95.5,舒适,0
广州蝴蝶效应,广州蝴蝶效应,互联网,2,1,1,广州,09:00,21:00,12.0,50.0,偏卷,0
广州触点互联网科技,广州触点互联网科技,互联网,2,1,1,广州,09:00,09:00,,,数据不足,2
广州市辰辰妈电子商务,广州市辰辰妈电子商务,其他,2,1,1,广州,12:00,21:00,9.0,74.2,良好,0
广州库洛科技,广州库洛科技,互联网,2,1,1,广州,09:30,18:30,9.0,91.4,舒适,0
广州思迈特软件,广州思迈特软件,互联网,2,1,1,广州,09:00,18:00,9.0,92.4,舒适,0
广州指云网络,广州指云网络,互联网,2,1,1,广州,09:00,18:30,9.5,82.5,良好,2
广州易尊网络科技,广州易尊网络科技,互联网,2,1,1,广州,09:00,20:00,11.0,56.3,一般,2
广州城市信息研究所,广州城市信息研究所,互联网,2,1,1,广州,09:00,18:00,9.0,92.4,舒适,2
广州宏天软件,广州宏天软件,互联网,2,1,1,广州,09:00,18:30,9.5,87.0,舒适,2
广东省出版集团数字出版,广东省出版集团数字出版,互联网,2,1,1,广州,09:00,18:00,9.0,92.4,舒适,0
广东道一信息技术股份有限公司/道一云,广东道一信息技术股份有限公司/道一云,互联网,2,1,1,广州,09:00,18:30,9.5,87.0,舒适,2
广东金域医学,广东金域医学,其他,2,1,1,广州,08:30,18:00,9.5,87.9,舒适,0
广东飞企互联科技,广东飞企互联科技,互联网,2,1,1,珠海,09:00,18:00,9.0,92.4,舒适,2
广发银行,广发银行,互联网,2,1,2,广州、佛山,08:45,18:45,10.0,76.0,良好,2
五菱汽车,五菱汽车,其他,2,1,1,柳州,08:30,14:00,5.5,100.0,舒适,0
TE,TE,外企,2,1,1,青岛,08:30,17:00,8.5,94.2,舒适,2
SHEIIN,SHEIIN,其他,2,1,1,广州,10:00,18:00,8.0,100.0,舒适,0
SHEIN,SHEIN,互联网,2,1,2,广州、深圳,10:00,17:30,7.5,100.0,舒适,0
SW,SW,其他,2,1,2,北京、上海,09:00,22:00,13.0,42.2,偏卷,1
Sap,Sap,互联网,2,1,1,上海,10:00,18:00,8.0,100.0,舒适,2
蔚领时代云游戏,蔚领时代云游戏,互联网,2,1,1,北京,10:00,19:00,9.0,89.2,舒适,2
英荔教育,英荔教育,其他,2,1,1,广州,08:00,17:00,9.0,89.7,舒适,0
苹果,苹果,互联网,2,2,2,北京、成都,10:30,19:30,9.0,81.0,良好,0
亚信安全,亚信安全,互联网,2,1,1,南京,09:00,18:00,9.0,92.4,舒适,1
九号公司,九号公司,互联网,2,1,1,北京,09:00,20:00,11.0,60.8,一般,0
九恒星,九恒星,互联网,2,1,1,深圳,09:00,18:00,9.0,92.4,舒适,2
书生科技（叫叫）,书生科技（叫叫）,互联网,2,1,1,成都,09:30,21:00,11.5,50.0,偏卷,0
云丁网络（鹿客）,云丁网络（鹿客）,互联网,2,1,1,深圳,10:00,20:00,10.0,78.4,良好,0
广州9130游戏,广州9130游戏,互联网,2,1,1,广州,09:00,21:00,12.0,50.0,偏卷,2
广州乐牛,广州乐牛,互联网,2,1,1,广州,09:00,20:00,11.0,54.8,偏卷,0
广东中视信息科技,广东中视信息科技,互联网,2,1,1,杭州,09:00,18:00,9.0,92.4,舒适,0
广东人啊人网络技术开发,广东人啊人网络技术开发,互联网,2,1,1,东莞,08:30,18:00,9.5,83.4,良好,2
广东格兰仕,广东格兰仕,其他,2,1,1,佛山,08:00,19:00,11.0,59.6,一般,2
广东省中医院,广东省中医院,其他,2,1,1,广州,08:00,15:30,7.5,96.2,舒适,0
巴乐兔,巴乐兔,互联网,2,1,2,深圳、上海,09:09,18:39,9.5,83.7,良好,0
市场研究,市场研究,外企,2,1,1,广州,10:00,18:30,8.5,94.6,舒适,2
临研通（天津）科技,临研通（天津）科技,互联网,2,1,1,郑州,08:50,18:00,9.2,90.7,舒适,2
久远银海,久远银海,互联网,2,1,1,成都,09:00,18:00,9.0,92.4,舒适,1
之江实验室,之江实验室,其他,2,1,1,杭州,08:39,17:24,8.8,93.0,舒适,0
山东土地数字科技,山东土地数字科技,互联网,2,1,1,济南,08:09,19:30,11.4,58.5,一般,2
人本集团杭州人本控制系统,人本集团杭州人本控制系统,互联网,2,1,1,杭州,07:45,17:00,9.2,82.4,良好,2
京北方信息技术,京北方信息技术,互联网,2,1,1,北京,08:30,17:30,9.0,91.0,舒适,0
人人视频,人人视频,互联网,2,1,1,上海,09:00,18:00,9.0,95.4,舒适,2
云和恩墨信息技术,云和恩墨信息技术,互联网,2,1,1,北京,09:00,18:00,9.0,92.4,舒适,2
云智慧,云智慧,互联网,2,1,1,燕郊,09:30,12:00,2.5,100.0,舒适,2
云润大数据服务,云润大数据服务,互联网,2,1,1,广州,09:00,18:00,9.0,92.4,舒适,2
云罗互动,云罗互动,互联网,2,1,1,郑州,09:00,18:30,9.5,81.0,良好,0
幻方量化,幻方量化,互联网,2,1,1,杭州,09:00,17:30,8.5,95.5,舒适,2
幻萌,幻萌,互联网,2,1,1,上海,10:00,21:00,11.0,54.6,偏卷,0
山东港通资讯管理,山东港通资讯管理,互联网,2,1,1,烟台,07:50,,,,数据不足,2
山东远桥信息科技,山东远桥信息科技,其他,2,1,1,济南,08:30,20:00,11.5,50.3,偏卷,0
山东鲁能软件,山东鲁能软件,互联网,2,1,1,济南,08:30,17:15,8.8,92.3,舒适,0
山大地纬软件,山大地纬软件,互联网,2,1,1,绍兴,08:30,18:00,9.5,87.9,舒适,2
企知道网络技术,企知道网络技术,互联网,2,1,1,深圳,09:00,21:00,12.0,44.0,偏卷,2
伊利,伊利,其他,2,1,2,北京、南京,08:30,17:15,8.8,92.6,舒适,2
Authing,Authing,互联网,2,1,1,北京,10:00,20:00,10.0,81.4,良好,2
AutoCore,AutoCore,其他,2,1,1,南京,09:00,18:00,9.0,92.4,舒适,0
山东万里红,山东万里红,互联网,2,1,1,济南,09:00,18:00,9.0,92.4,舒适,0
山东云创数字科技有限公司/深圳华信控股科技,山东云创数字科技有限公司/深圳华信控股科技,互联网,2,1,1,济南,08:45,18:00,9.2,90.4,舒适,2
山东五思信息科技,山东五思信息科技,互联网,2,1,1,济南,08:00,20:00,12.0,45.8,偏卷,0
Philips,Philips,外企,2,1,2,苏州、深圳,08:30,17:15,8.8,92.6,舒适,1
Ping++（简米）,Ping++（简米）,互联网,2,1,1,上海,09:00,18:30,9.5,87.0,舒适,2
PwC,PwC,外企,2,1,1,上海,10:00,20:45,10.8,61.3,一般,1
西安萌叶网络科技,西安萌叶网络科技,互联网,2,1,1,西安,07:00,16:00,9.0,89.7,舒适,2
西安葡萄城,西安葡萄城,互联网,2,1,1,西安,08:00,17:00,9.0,89.7,舒适,0
蒙牛,蒙牛,其他,2,1,2,株洲、北京,08:45,17:15,8.5,93.4,舒适,0
蒲公英开发者服务,蒲公英开发者服务,互联网,2,1,1,西安,09:30,18:30,9.0,91.4,舒适,0
蓝凌,蓝凌,互联网,2,1,1,深圳,09:00,18:00,9.0,92.4,舒适,2
蓝月亮,蓝月亮,互联网,2,1,1,广州,08:30,17:30,9.0,91.0,舒适,1
蓝深远望科技,蓝深远望科技,互联网,2,1,1,无锡,08:30,17:30,9.0,85.0,舒适,0
Onchain,Onchain,互联网,2,1,1,上海,10:00,18:30,8.5,94.6,舒适,2
小硕数据科技,小硕数据科技,互联网,2,1,1,上海,09:00,18:30,9.5,87.0,舒适,0
富士康,富士康,其他,2,1,1,深圳,08:00,17:30,9.5,86.6,舒适,2
富途,富途,互联网,2,1,1,深圳,09:30,20:15,10.8,69.6,一般,1
富通天下,富通天下,互联网,2,1,1,杭州,09:00,19:30,10.5,70.2,良好,1
众安,众安,互联网,2,1,1,上海,09:45,18:18,8.3,96.8,舒适,0
亚信科技（南京）,亚信科技（南京）,互联网,2,1,1,南京,09:00,21:30,12.5,38.6,很卷,2
亚鸿世纪,亚鸿世纪,互联网,2,1,1,北京,09:09,18:00,8.8,93.7,舒适,0
交通银行信用卡中心,交通银行信用卡中心,金融,2,1,1,上海,08:50,18:00,9.2,90.7,舒适,2
享道出行,享道出行,互联网,2,1,1,上海,09:30,20:00,10.5,65.2,一般,0
京东健康,京东,互联网,2,1,1,北京,09:00,14:00,10.0,86.1,舒适,2
阿卡索,阿卡索,互联网,2,1,1,深圳,10:00,19:00,9.0,89.2,舒适,0
银联商务,银联商务,互联网,2,1,2,上海、匿掉,08:15,17:30,9.2,88.8,舒适,2
锦江酒店,锦江酒店,互联网,2,1,1,广州,11:00,15:00,4.0,100.0,舒适,2
Cider,Cider,互联网,2,1,2,北京、广州,10:00,15:00,5.0,100.0,舒适,1
Cisco,Cisco,互联网,2,1,2,深圳、上海,09:00,17:30,8.5,95.5,舒适,0
Anker,Anker,互联网,2,1,1,深圳,09:45,18:30,8.8,93.0,舒适,1
裕明智控,裕明智控,其他,2,1,1,广州,09:00,18:00,9.0,92.4,舒适,0
Senko,Senko,外企,2,1,1,深圳,09:00,18:00,9.0,92.4,舒适,2
Shopee,Shopee,互联网,2,1,1,深圳,10:05,20:15,10.2,70.3,良好,1
Shopify,Shopify,互联网,2,1,1,深圳,09:00,17:00,8.0,98.7,舒适,0
Skyscanner,Skyscanner,互联网,2,1,1,深圳,10:30,18:00,7.5,100.0,舒适,2
MicroStrategy,MicroStrategy,互联网,2,1,1,杭州,10:00,18:00,8.0,100.0,舒适,2
轩辕传媒,轩辕传媒,互联网,2,1,1,北京,09:09,18:00,8.8,89.2,舒适,0
安永华明会计师事务所,安永华明会计师事务所,其他,2,1,1,北京,09:45,16:30,6.8,92.9,舒适,0
安迈云,安迈云,互联网,2,1,1,成都,09:00,18:00,9.0,92.4,舒适,2
完美时空,完美时空,互联网,2,1,1,上海,09:30,18:30,9.0,91.4,舒适,0
安天,安天,互联网,2,1,1,成都,09:00,17:30,8.5,95.5,舒适,2
值得买科技,值得买科技,互联网,2,2,1,北京,09:30,18:45,9.2,88.8,舒适,2
什么值得买,什么值得买,互联网,2,1,1,北京,09:30,19:30,10.0,80.6,良好,1
山东淄博小公司,山东淄博小公司,互联网,2,1,1,淄博,08:00,17:30,9.5,80.6,良好,0
小猪,小猪,互联网,2,1,1,北京,09:30,19:00,9.5,86.1,舒适,0
小电科技,小电科技,互联网,2,1,1,杭州,09:30,18:30,9.0,91.4,舒适,0
宇视科技,宇视科技,互联网,2,1,1,杭州,08:24,19:30,11.1,64.8,一般,2
好络维,好络维,互联网,2,1,1,杭州,08:00,17:00,9.0,89.7,舒适,2
威卓智能机器人,威卓智能机器人,其他,2,1,1,无锡,08:30,17:45,9.2,83.8,良好,0
对啊网,对啊网,互联网,2,1,1,北京,10:00,19:00,9.0,89.2,舒适,2
小天才,小天才,其他,2,1,1,东莞,08:00,21:00,13.0,36.5,很卷,0
宜信,宜信,互联网,2,1,1,北京,09:30,18:30,9.0,91.4,舒适,0
宝宝巴士,宝宝巴士,互联网,2,1,1,福州,08:30,18:00,9.5,87.9,舒适,1
宝洁,宝洁,其他,2,1,1,广州,10:07,20:15,10.1,73.6,良好,1
实习僧,实习僧,互联网,2,1,1,成都,09:00,18:00,9.0,92.4,舒适,0
安永EY,安永EY,外企,2,1,1,上海,09:15,14:00,9.5,89.9,舒适,0
西门子,西门子,外企,2,2,2,南京、北京,08:30,17:30,9.0,91.0,舒适,1
要出发周边游,要出发周边游,互联网,2,1,1,广州,09:00,18:00,9.0,92.4,舒适,2
触宝,触宝,互联网,2,1,1,上海,10:00,18:00,8.0,100.0,舒适,0
设计院,设计院,其他,2,1,1,南京,08:30,18:00,9.5,81.9,良好,2
蜻蜓FM,蜻蜓FM,互联网,2,1,1,上海,09:00,20:00,11.0,60.8,一般,2
街电科技,街电科技,互联网,2,1,1,成都,09:00,20:00,11.0,60.8,一般,2
迈迪信息技术,迈迪信息技术,互联网,2,1,1,济南,08:30,17:30,9.0,91.0,舒适,2
途游游戏,途游游戏,互联网,2,1,1,北京,09:30,18:30,9.0,87.0,舒适,2
倍业科技,倍业科技,互联网,2,1,1,上海,10:00,19:00,9.0,89.2,舒适,0
学而思,学而思,互联网,2,1,2,广州、北京,13:15,20:15,7.0,90.2,舒适,2
奔驰,奔驰,外企,2,1,1,北京,09:00,18:00,9.0,92.4,舒适,0
兰剑物流,兰剑物流,互联网,2,1,1,济南,08:09,17:09,9.0,90.1,舒适,0
兴业数字金融,兴业数字金融,金融,2,1,1,上海,09:00,17:00,8.0,98.7,舒适,2
光大激光,光大激光,其他,2,1,1,深圳,08:30,17:30,9.0,88.0,舒适,2
傲世堂,傲世堂,互联网,2,1,1,上海,10:00,18:30,8.5,88.6,舒适,0
传化,传化,其他,2,2,1,杭州,08:15,17:45,9.5,87.2,舒适,0
传易互联（深圳）科技有限公司杭州,传易互联（深圳）科技有限公司杭州,互联网,2,1,1,杭州,09:30,22:00,12.5,43.7,偏卷,2
安徽朝阳房产,安徽朝阳房产,其他,2,1,1,淮南,09:00,18:30,9.5,81.0,良好,0
学而思网校,学而思网校,互联网,2,1,2,济南、北京,05:45,15:00,9.2,88.1,舒适,1
宁波遨森电子商务,宁波遨森电子商务,其他,2,1,1,宁波,08:00,20:00,12.0,45.8,偏卷,2
宁波黑米,宁波黑米,互联网,2,1,1,宁波,08:30,17:30,9.0,91.0,舒适,0
宇动源,宇动源,互联网,2,1,1,北京,09:00,18:00,9.0,92.4,舒适,2
天津布尔科技,天津布尔科技,互联网,2,1,1,天津,09:00,18:00,9.0,92.4,舒适,0
天津德力仪器,天津德力仪器,互联网,2,1,1,天津,08:20,17:10,8.8,91.8,舒适,2
大汉软件南宁,大汉软件南宁,互联网,2,1,1,南宁,09:00,18:00,9.0,92.4,舒适,0
大连万达,大连万达,其他,2,1,1,北京,08:00,08:09,0.3,100.0,舒适,2
八羽马财商科技（北京）,八羽马财商科技（北京）,其他,2,1,1,北京,09:09,19:00,9.8,82.9,良好,0
佳都科技,佳都科技,互联网,2,1,1,广州,09:00,18:00,9.0,92.4,舒适,2
修改我的结果,修改我的结果,互联网,2,1,1,修改我的结果,,,,,数据不足,0
财联社,财联社,互联网,2,1,1,上海,09:00,18:00,9.0,92.4,舒适,2
超桌网络,超桌网络,互联网,2,1,1,深圳,09:00,18:30,9.5,87.0,舒适,2
诗悦网络,诗悦网络,互联网,2,1,1,广州,09:00,14:30,11.0,69.8,一般,0
诺基亚,诺基亚,互联网,2,1,1,杭州,09:00,18:00,9.0,92.4,舒适,1
谊品生鲜,谊品生鲜,互联网,2,1,1,合肥,09:30,18:30,9.0,91.4,舒适,0
豆子公司,豆子公司,互联网,2,1,1,天津,,,,,数据不足,2
Razer中国,Razer中国,互联网,2,1,1,深圳,09:00,18:00,9.0,92.4,舒适,2
LINE China,LINE China,互联网,2,1,1,大连,08:00,17:00,9.0,89.7,舒适,0
LOHO眼镜,LOHO眼镜,其他,2,1,1,深圳,09:10,19:30,10.3,61.9,一般,2
公共资源交易中心,公共资源交易中心,其他,2,1,1,,08:30,17:30,9.0,94.0,舒适,0
六一教育,六一教育,其他,2,1,1,广州,09:00,18:00,9.0,92.4,舒适,2
大公国际,大公国际,互联网,2,1,1,北京,08:30,17:30,9.0,91.0,舒适,0
大参林医药,大参林医药,其他,2,1,1,广州,08:00,18:00,10.0,83.4,良好,2
壹沓科技(上海),壹沓科技(上海),互联网,2,1,1,上海,09:30,21:00,11.5,50.0,偏卷,0
复杂美,复杂美,互联网,2,1,1,杭州,09:00,18:00,9.0,92.4,舒适,0
夏致云计算(上海),夏致云计算(上海),互联网,2,1,1,上海,10:00,19:00,9.0,89.2,舒适,2
农业银行一级分行,农业银行一级分行,互联网,2,1,1,上海,08:30,20:30,12.0,50.9,偏卷,2
凉屋游戏,凉屋游戏,互联网,2,1,1,深圳,10:00,18:30,8.5,94.6,舒适,0
奥美广告,奥美广告,互联网,2,1,1,北京,11:15,19:30,8.0,96.2,舒适,1
天融信,天融信,互联网,2,1,1,北京,09:30,18:00,8.5,96.8,舒适,2
天风证券,天风证券,金融,2,1,2,上海、武汉,08:45,19:00,10.2,73.3,良好,1
太平洋房屋,太平洋房屋,互联网,2,1,1,上海,09:00,18:00,9.0,92.4,舒适,0
太平洋财产保险,太平洋财产保险,金融,2,1,2,宁波,08:30,18:00,9.5,78.9,良好,2
天地伟业,天地伟业,互联网,2,1,1,天津,08:50,18:00,9.2,84.7,良好,2
天津中力防雷,天津中力防雷,互联网,2,1,1,天津,08:00,22:00,14.0,24.2,很卷,0
HZGYT,HZGYT,互联网,2,1,1,杭州,09:00,18:00,9.0,89.4,舒适,0
IQVIA,IQVIA,外企,2,1,1,上海,10:00,18:30,8.5,91.6,舒适,0
埃森哲/Accenture,埃森哲/Accenture,互联网,2,1,1,大连,09:00,18:50,9.8,83.6,良好,0
墨墨教育科技,墨墨教育科技,互联网,2,1,1,清远,09:00,18:00,9.0,86.4,舒适,2
墨墨背单词,墨墨背单词,互联网,2,1,1,清远,09:00,18:00,9.0,92.4,舒适,0
墨迹天气,墨迹天气,互联网,2,1,1,北京,09:30,18:30,9.0,91.4,舒适,1
国美-安迅物流,国美-安迅物流,互联网,2,1,1,鹏润大厦,09:30,21:00,11.5,54.4,偏卷,0
国金证券,国金证券,金融,2,1,1,上海,09:15,17:15,8.0,99.3,舒适,1
国防科技创新研究院,国防科技创新研究院,其他,2,1,1,北京,08:00,22:00,14.0,24.2,很卷,2
图书批发行业,图书批发行业,其他,2,1,1,长沙,09:00,17:30,8.5,95.5,舒适,2
土巴兔,土巴兔,互联网,2,1,1,深圳,09:15,15:00,11.5,67.3,一般,1
北京信软同创科技,北京信软同创科技,互联网,2,1,1,北京,09:09,18:09,9.0,92.1,舒适,2
创智和宇,创智和宇,互联网,2,1,1,长沙,08:15,13:15,5.0,100.0,舒适,1
创狗科技,创狗科技,互联网,2,1,1,上海,10:00,18:00,8.0,100.0,舒适,0
创鑫激光,创鑫激光,其他,2,1,1,深圳,08:30,18:00,9.5,87.9,舒适,0
八马茶业,八马茶业,其他,2,1,1,深圳,09:00,18:00,9.0,92.4,舒适,2
国泰基金,国泰基金,金融,2,1,1,上海,08:30,16:00,7.5,91.5,舒适,2
国泰新点辽宁,国泰新点辽宁,互联网,2,1,1,沈阳,08:30,18:30,10.0,78.0,良好,2
四川竹子科技,四川竹子科技,互联网,2,1,1,成都,09:30,18:30,9.0,91.4,舒适,2
四川西盾科技,四川西盾科技,互联网,2,1,1,成都,09:00,,,,数据不足,0
北京嘉业恒达科技,北京嘉业恒达科技,其他,2,1,1,北京,09:00,18:00,9.0,92.4,舒适,2
北京大学第一医院,北京大学第一医院,其他,2,1,1,北京,08:00,17:00,9.0,89.7,舒适,0
国信优易数据,国信优易数据,互联网,2,1,1,北京,10:00,21:00,11.0,57.6,一般,2
地产广告公司,地产广告公司,其他,2,1,1,福州,09:00,18:00,9.0,92.4,舒适,0
达观数据,达观数据,互联网,2,1,1,上海,09:39,19:24,9.8,76.7,良好,1
迈尔泰木业,迈尔泰木业,其他,2,1,1,,06:30,19:00,12.5,41.2,偏卷,0
跟谁学,跟谁学,互联网,2,1,1,长沙,09:00,11:00,2.0,100.0,舒适,2
车好多,车好多,互联网,2,1,1,北京,10:00,19:00,9.0,89.2,舒适,0
Panasonic,Panasonic,互联网,2,1,1,北京,08:00,16:52,8.9,90.3,舒适,0
Lotusflare,Lotusflare,互联网,2,1,1,西安,09:00,18:00,9.0,92.4,舒适,0
HIEC(杭博）,HIEC(杭博）,其他,2,1,1,杭州,08:00,17:30,9.5,86.6,舒适,2
HPE,HPE,互联网,2,1,2,重庆、北京,09:30,17:30,8.0,100.0,舒适,2
吉林省中顺网络科技有限公司广州,吉林省中顺网络科技有限公司广州,互联网,2,1,1,广州,09:00,20:30,11.5,55.4,一般,0
同济大学建筑设计院,同济大学建筑设计院,其他,2,1,1,上海,09:30,16:15,13.5,46.4,偏卷,1
北京智象信息技术,北京智象信息技术,互联网,2,1,2,北京、福州,09:00,19:15,10.2,72.9,良好,0
国信证券,国信证券,金融,2,1,2,深圳、珠海,08:45,14:30,5.8,100.0,舒适,1
四川汇源光通信,四川汇源光通信,其他,2,1,1,成都,08:30,20:00,11.5,51.8,偏卷,2
四川省糖业酒类,四川省糖业酒类,互联网,2,1,1,成都,09:00,18:00,9.0,86.4,舒适,2
哈啰,哈啰,互联网,2,1,1,上海,10:00,20:00,10.0,78.4,良好,2
唐山千家房地产经纪,唐山千家房地产经纪,互联网,2,1,1,唐山,08:30,19:00,10.5,61.1,一般,2
善诊,善诊,互联网,2,1,1,上海,09:00,19:30,10.5,70.2,良好,0
名创优品,名创优品,其他,2,1,1,广州,09:15,14:00,4.8,100.0,舒适,1
向学教育,向学教育,其他,2,1,1,杭州,09:00,18:00,9.0,92.4,舒适,2
北京帆锐科技有限公司原名北京达利本斯科技,北京帆锐科技有限公司原名北京达利本斯科技,互联网,2,1,1,北京,09:00,20:00,11.0,54.8,偏卷,2
圣本网络,圣本网络,互联网,2,1,1,广州,09:00,18:00,9.0,92.4,舒适,0
圣马可（珠海）实业,圣马可（珠海）实业,外企,2,1,1,珠海,08:30,17:30,9.0,91.0,舒适,0
国开金融,国开金融,金融,2,1,1,北京,08:24,17:24,9.0,90.8,舒适,1
国新数据,国新数据,其他,2,1,1,北京,08:30,20:30,12.0,50.9,偏卷,2
金数据,金数据,互联网,2,1,1,西安,09:30,18:30,9.0,91.4,舒适,2
金智视讯,金智视讯,互联网,2,1,1,南京,08:00,17:09,9.2,88.8,舒适,0
金柚网,金柚网,互联网,2,1,1,杭州,09:00,18:00,9.0,92.4,舒适,2
JG,JG,互联网,2,1,1,佛山,08:30,,,,数据不足,0
FreeWheel,FreeWheel,互联网,2,1,1,北京,09:45,18:15,8.5,95.7,舒适,1
厦门美亚柏科,厦门美亚柏科,互联网,2,1,1,厦门,09:00,20:00,11.0,60.8,一般,2
北京猫眼文化传媒,北京猫眼文化传媒,互联网,2,1,1,北京,10:30,19:30,9.0,87.0,舒适,2
北京彩智科技,北京彩智科技,其他,2,1,1,北京,,06:00,,,数据不足,2
北京德风新征程科技,北京德风新征程科技,其他,2,1,1,北京,09:00,21:00,12.0,44.0,偏卷,2
北京公交,北京公交,其他,2,1,1,北京,08:30,17:50,9.3,89.1,舒适,0
北京叮铃科技,北京叮铃科技,互联网,2,1,1,北京,,,,,数据不足,0
北京合众伟奇,北京合众伟奇,互联网,2,1,1,郑州,09:00,17:30,8.5,95.5,舒适,0
和谐健康保险,和谐健康保险,金融,2,1,1,北京,08:30,18:00,9.5,81.9,良好,2
咖乐美,咖乐美,互联网,2,1,1,苏州,08:30,17:30,9.0,91.0,舒适,2
吉利科技时空道宇,吉利科技时空道宇,互联网,2,1,1,上海,08:00,18:00,10.0,86.4,舒适,2
吉屋,吉屋,互联网,2,1,1,深圳,09:00,18:00,9.0,92.4,舒适,2
北京天健源达科技,北京天健源达科技,互联网,2,1,1,武汉,09:30,17:30,8.0,100.0,舒适,2
北京天眼查科技,北京天眼查科技,互联网,2,1,1,北京,09:00,21:00,12.0,48.5,偏卷,2
北京安信天行科技有限公司（国企）,北京安信天行科技有限公司（国企）,互联网,2,1,1,北京,,,,,数据不足,0
北京安普诺信息技术,北京安普诺信息技术,互联网,2,1,1,北京,09:00,20:30,11.5,50.9,偏卷,0
同程,同程,互联网,2,1,2,苏州、上海,09:00,18:00,9.0,92.4,舒适,0
叠纸,叠纸,互联网,2,1,1,上海,10:24,19:39,9.2,84.7,良好,1
叮叮叮网络,叮叮叮网络,互联网,2,1,1,西安,09:00,21:00,12.0,45.5,偏卷,0
合肥有方医疗,合肥有方医疗,其他,2,1,1,合肥,08:30,18:00,9.5,87.9,舒适,2
厦门神州鹰,厦门神州鹰,互联网,2,1,1,厦门,08:30,18:00,9.5,87.9,舒适,0
ISA 科技猎头team,ISA 科技猎头team,互联网,2,1,1,北京,09:00,18:00,9.0,92.4,舒适,2
重庆中联信息产业,重庆中联信息产业,互联网,2,1,1,重庆,09:00,18:00,9.0,92.4,舒适,2
重庆圆信信息科技,重庆圆信信息科技,互联网,2,1,1,重庆,09:00,18:00,9.0,92.4,舒适,2
道一,道一,互联网,2,1,1,广州,09:00,18:00,9.0,92.4,舒适,0
道通科技,道通科技,互联网,2,1,1,深圳,08:45,15:30,13.5,47.4,偏卷,2
NWPU,NWPU,其他,2,1,1,西安,06:30,21:30,15.0,17.2,很卷,0
JLL,JLL,互联网,2,1,2,深圳、上海,09:30,18:00,8.5,96.8,舒适,0
北京鸿文时代科技,北京鸿文时代科技,互联网,2,1,1,北京,10:00,18:30,8.5,94.6,舒适,0
北京立海坤,北京立海坤,互联网,2,1,1,北京,09:00,18:00,9.0,92.4,舒适,0
华锐金融技术,华锐金融技术,互联网,2,1,1,长沙,09:00,21:30,12.5,38.6,很卷,1
北京电旗通讯技术,北京电旗通讯技术,其他,2,1,1,北京,09:00,18:00,9.0,92.4,舒适,2
北京所思信息科技,北京所思信息科技,互联网,2,1,1,北京,10:00,19:00,9.0,89.2,舒适,0
北京拉索生物科技有限公司（基因宝）,北京拉索生物科技有限公司（基因宝）,互联网,2,1,1,北京,09:00,18:30,9.5,82.5,良好,2
北京旗偲,北京旗偲,互联网,2,1,1,北京,09:00,18:00,9.0,92.4,舒适,2
博般数据,博般数据,其他,2,1,1,南京,09:09,17:09,8.0,99.1,舒适,0
卡车之家,卡车之家,互联网,2,1,1,北京,09:00,18:30,9.5,87.0,舒适,2
厦门建行金科,厦门建行金科,互联网,2,1,1,厦门,09:00,18:00,9.0,92.4,舒适,2
厦门海晟融创信,厦门海晟融创信,互联网,2,1,1,厦门,09:00,18:00,9.0,92.4,舒适,2
厦门点触科技,厦门点触科技,互联网,2,1,1,厦门,09:00,18:00,9.0,92.4,舒适,2
厦门熙重电子科技,厦门熙重电子科技,互联网,2,1,1,厦门,08:30,17:30,9.0,91.0,舒适,0
南瑞研究院,南瑞研究院,其他,2,1,1,南京,08:45,20:30,11.8,46.8,偏卷,2
南瑞继保,南瑞继保,其他,2,1,1,南京,08:00,21:30,13.5,32.6,很卷,1
南航,南航,其他,2,1,1,广州,08:30,17:30,9.0,91.0,舒适,1
北京软安科技,北京软安科技,互联网,2,1,1,北京,09:00,18:00,9.0,92.4,舒适,2
北京辰安科技,北京辰安科技,互联网,2,1,1,长春,09:00,18:00,9.0,86.4,舒适,0
北京辰越教育科技,北京辰越教育科技,其他,2,1,1,广州,09:00,18:00,9.0,92.4,舒适,2
北京荣知教育,北京荣知教育,其他,2,1,1,北京,09:00,21:00,12.0,44.0,偏卷,0
北京蜂鸟于飞科技,北京蜂鸟于飞科技,互联网,2,1,1,北京,09:30,21:00,11.5,54.4,偏卷,0
北京术锐,北京术锐,互联网,2,1,1,上海,09:00,21:00,12.0,45.5,偏卷,2
北京永航科技,北京永航科技,互联网,2,2,1,北京,10:00,18:30,9.0,91.4,舒适,0
北京清奇科技,北京清奇科技,互联网,2,1,1,北京,09:30,18:30,9.0,91.4,舒适,0
北京灵动音科技,北京灵动音科技,互联网,2,1,1,北京,10:00,18:30,8.5,94.6,舒适,2
博实乐教育,博实乐教育,其他,2,1,1,佛山,09:00,18:15,9.2,90.0,舒适,0
南京紫津融畅信息科技服务,南京紫津融畅信息科技服务,互联网,2,1,1,南京,08:30,17:30,9.0,91.0,舒适,2
南宁市勘察测绘地理信息院,南宁市勘察测绘地理信息院,其他,2,1,1,南宁,08:00,21:30,13.5,29.6,很卷,2
南昌国讯,南昌国讯,互联网,2,1,1,南昌,08:00,17:09,9.2,88.8,舒适,2
南京同伦拍拍科技服务,南京同伦拍拍科技服务,金融,2,1,1,南京,09:00,18:00,9.0,92.4,舒适,0
南京土星科技,南京土星科技,其他,2,1,1,南京,08:30,20:30,12.0,46.4,偏卷,0
南京掌控网络（外勤365）,南京掌控网络（外勤365）,互联网,2,1,1,南京,08:30,20:30,12.0,46.4,偏卷,2
匿名主城造价事务所,匿名主城造价事务所,其他,2,1,1,重庆,08:09,17:00,8.8,91.0,舒适,2
匿名互联网公司,匿名互联网公司,互联网,2,2,2,南京、太原,08:45,18:45,10.0,79.0,良好,0
北明软件,北明软件,互联网,2,1,2,武汉、广州,09:00,18:00,9.0,92.4,舒适,2
北汽新能源,北汽新能源,互联网,2,1,1,北京,09:00,17:30,8.5,95.5,舒适,2
匿了,匿了,互联网,2,1,2,天津、北京,07:54,17:45,9.8,84.3,良好,0
卓健科技,卓健科技,互联网,2,1,1,杭州,09:00,21:00,12.0,50.0,偏卷,2
卓尔智联研究院,卓尔智联研究院,互联网,2,1,1,武汉,09:00,19:00,10.0,81.6,良好,2
卓望科技,卓望科技,其他,2,1,1,深圳,09:00,18:00,9.0,92.4,舒适,2
卖好车,卖好车,互联网,2,1,1,杭州,09:00,18:15,9.2,89.7,舒适,1
南京中储智运,南京中储智运,互联网,2,1,1,南京,08:30,18:00,9.5,87.9,舒适,0
华润电力技术研究院,华润电力技术研究院,其他,2,1,1,深圳,09:00,17:30,8.5,95.5,舒适,0
华邦美好家园养老,华邦美好家园养老,其他,2,1,1,广州,09:00,18:00,9.0,92.4,舒适,2
华信咨询设计研究院,华信咨询设计研究院,互联网,2,1,1,杭州,08:30,20:00,11.5,59.3,一般,2
华创证券,华创证券,金融,2,1,2,深圳,08:45,17:00,8.2,96.4,舒适,2
华勤,华勤,其他,2,1,2,南昌、无锡,08:45,14:45,6.0,100.0,舒适,1
匿名SME金融私企,匿名SME金融私企,互联网,2,1,1,成都,10:30,18:00,7.5,100.0,舒适,0
匿名常州科技公司,匿名常州科技公司,互联网,2,1,1,常州,09:00,18:00,9.0,86.4,舒适,0
魅族,魅族,互联网,2,1,1,珠海,09:00,18:30,9.5,87.0,舒适,2
魔力猫盒,魔力猫盒,其他,2,1,1,上海,10:00,19:00,9.0,89.2,舒适,0
魔筷,魔筷,互联网,2,1,1,杭州,09:00,20:00,11.0,60.8,一般,2
360数科,360数科,互联网,2,1,2,深圳、上海,10:00,12:30,9.0,93.7,舒适,0
BRIGHT DREAM ROBOTICS,BRIGHT DREAM ROBOTICS,其他,2,1,1,佛山,11:00,20:00,9.0,84.7,良好,0
APUS,APUS,互联网,2,1,1,北京,09:30,21:00,11.5,48.4,偏卷,0
麒麟软件,麒麟软件,互联网,2,1,2,长沙、北京,08:15,17:15,9.0,90.4,舒适,1
黄河水利科学研究院,黄河水利科学研究院,其他,2,1,1,郑州,08:00,19:00,11.0,62.6,一般,0
Airwallex 空中云汇,Airwallex 空中云汇,互联网,2,1,1,上海,10:00,19:00,9.0,89.2,舒适,0
鼎信通讯,鼎信通讯,其他,2,1,1,青岛,08:09,18:00,9.8,80.2,良好,2
BT学院,BT学院,互联网,2,1,1,深圳,09:30,18:30,9.0,87.0,舒适,2
Booking.com,Booking.com,互联网,2,1,2,上海、广州,10:00,18:00,8.0,100.0,舒适,1
CIDER,CIDER,互联网,2,1,1,北京,10:00,20:30,10.5,58.5,一般,2
匿名物联网公司,匿名物联网公司,互联网,2,1,1,宁波,09:00,18:00,9.0,92.4,舒适,0
匿名电力公司,匿名电力公司,其他,2,2,2,北京、深圳,08:45,17:30,8.8,93.3,舒适,1
802所,802所,其他,2,1,1,上海,08:00,14:00,6.0,96.6,舒适,2
611所/成都飞机设计研究所,611所/成都飞机设计研究所,其他,2,1,1,成都,08:30,21:00,12.5,39.5,很卷,2
高伟达软件,高伟达软件,互联网,2,1,1,上海,09:00,21:00,12.0,38.0,很卷,2
北京通力凯顿系统集成,北京通力凯顿系统集成,互联网,2,1,1,北京,09:00,18:30,9.5,87.0,舒适,2
北京金堤科技有限公司（天眼查）,北京金堤科技有限公司（天眼查）,互联网,2,1,1,北京,09:00,11:12,2.2,100.0,舒适,0
北京链家置地,北京链家置地,其他,2,1,1,北京,09:00,09:00,,,数据不足,0
华宇信息,华宇信息,互联网,2,1,2,成都、北京,09:00,19:30,10.5,70.2,良好,1
华控清交,华控清交,互联网,2,1,1,北京,10:00,20:00,10.0,78.4,良好,0
匿名量化私募,匿名量化私募,金融,2,1,1,上海,09:30,20:00,10.5,65.2,一般,0
匿名高校,匿名高校,互联网,2,2,2,上海,09:15,17:45,8.5,96.2,舒适,0
震坤行工业超市（上海）,震坤行工业超市（上海）,互联网,2,1,1,上海,08:30,19:00,10.5,67.1,一般,0
青岛威奥轨道,青岛威奥轨道,其他,2,1,1,青岛,07:00,17:00,10.0,77.4,良好,0
青岛左右网络技术,青岛左右网络技术,互联网,2,1,1,青岛,09:00,18:00,9.0,92.4,舒适,2
匿名互联网咨询公司（G端）,匿名互联网咨询公司（G端）,互联网,2,1,1,北京,09:00,09:00,,,数据不足,2
匿名市国企,匿名市国企,其他,2,2,2,北京、宁波,08:45,16:45,8.0,98.0,舒适,0
匿名市政建设公司,匿名市政建设公司,其他,2,1,1,岳阳,07:00,18:00,11.0,55.1,一般,2
91act,91act,其他,1,1,1,成都,10:00,18:30,8.5,94.6,舒适,0
2345网络,2345网络,互联网,1,1,1,上海,09:00,18:00,9.0,92.4,舒适,0
3k游戏,3k游戏,互联网,1,1,1,广州,09:30,21:00,11.5,54.4,偏卷,1
4399,4399,互联网,1,1,1,厦门,09:00,18:00,9.0,92.4,舒适,0
51JOB前程无忧,51JOB前程无忧,互联网,1,1,1,上海,09:00,17:30,8.5,95.5,舒适,0
51job前程无忧,51job前程无忧,互联网,1,1,1,上海,09:00,17:00,8.0,98.7,舒适,0
鬼脸科技,鬼脸科技,互联网,1,1,1,成都,10:05,19:30,9.4,84.4,良好,0
魔格,魔格,其他,1,1,1,广州,09:00,18:30,9.5,87.0,舒适,0
BBGAME,BBGAME,互联网,1,1,1,广州,09:18,21:00,11.7,48.2,偏卷,1
BBgame,BBgame,互联网,1,1,1,广州,09:30,09:30,,,数据不足,0
BGI Europe,BGI Europe,其他,1,1,1,丹麦哥本哈根,09:00,17:00,8.0,98.7,舒适,1
鲁班到家,鲁班到家,互联网,1,1,1,深圳,09:00,22:00,13.0,33.2,很卷,0
鹏城实验室,鹏城实验室,互联网,1,1,1,深圳,09:00,18:00,9.0,92.4,舒适,0
鹏鼎控制深圳,鹏鼎控制深圳,其他,1,1,1,深圳,08:00,17:18,9.3,81.8,良好,1
鹏鼎控股（深圳）,鹏鼎控股（深圳）,其他,1,1,1,深圳,08:00,20:30,12.5,40.4,偏卷,1
麒麟软件有限公司（北京分部）,麒麟软件有限公司（北京分部）,互联网,1,1,1,北京,08:30,17:30,9.0,91.0,舒适,1
麦当劳(中国),麦当劳(中国),外企,1,1,1,全国,15:00,22:00,7.0,82.3,良好,1
麦肯锡,麦肯锡,外企,1,1,1,上海,09:00,12:00,3.0,100.0,舒适,1
麦风科技,麦风科技,互联网,1,1,1,深圳,09:00,18:00,9.0,92.4,舒适,1
鱼泡网,鱼泡网,互联网,1,1,1,成都,09:00,19:00,10.0,75.6,良好,1
鱼爪,鱼爪,互联网,1,1,1,成都,09:30,18:30,9.0,87.0,舒适,0
鱼跃,鱼跃,互联网,1,1,1,南京,,,,,数据不足,0
匿名医药类国企,匿名医药类国企,其他,1,1,1,北京,09:00,17:00,8.0,98.7,舒适,1
匿名县信用社,匿名县信用社,金融,1,1,1,,08:00,17:30,9.5,74.6,良好,1
匿名县级市执法局,匿名县级市执法局,其他,1,1,1,,08:30,17:40,9.2,92.8,舒适,1
匿名合资豪华汽车制造厂,匿名合资豪华汽车制造厂,其他,1,1,1,沈阳,08:30,17:15,8.8,92.3,舒适,0
匿名唐山评估公司,匿名唐山评估公司,金融,1,1,1,唐山,08:00,17:18,9.3,87.8,舒适,0
匿名国二级子公司，设计院,匿名国二级子公司，设计院,其他,1,1,1,武汉,08:30,18:30,10.0,82.5,良好,1
匿名中科自,匿名中科自,其他,1,1,1,北京,09:00,09:00,,,数据不足,0
匿名中铁二局子公司,匿名中铁二局子公司,其他,1,1,1,苏州,07:30,17:30,10.0,71.4,良好,1
匿名中铁局,匿名中铁局,其他,1,1,1,广州,07:30,10:00,2.5,100.0,舒适,1
匿名义乌电商私企,匿名义乌电商私企,其他,1,1,1,义乌,09:00,18:00,9.0,86.4,舒适,1
匿名义务段学校,匿名义务段学校,其他,1,1,1,宁波,08:00,16:30,8.5,92.8,舒适,1
匿名乡镇基层单位,匿名乡镇基层单位,其他,1,1,1,杭州,08:30,17:30,9.0,91.0,舒适,1
匿名二线城市医科大学附属一院,匿名二线城市医科大学附属一院,其他,1,1,1,,,,,,数据不足,1
匿名产,匿名产,其他,1,1,1,深圳,09:00,19:00,10.0,81.6,良好,1
Airbus空中客车,Airbus空中客车,外企,1,1,1,天津,08:00,16:00,8.0,96.0,舒适,1
Akulaku,Akulaku,互联网,1,1,1,深圳,09:18,19:00,9.7,84.3,良好,1
匿名国资交通国企二级子公司,匿名国资交通国企二级子公司,其他,1,1,1,南京,09:00,17:30,8.5,95.5,舒适,1
匿名国资委下属公司,匿名国资委下属公司,其他,1,1,1,深圳,09:00,18:00,9.0,92.4,舒适,0
匿名国际4A公关公司,匿名国际4A公关公司,外企,1,1,1,上海,11:00,21:00,10.0,69.4,一般,1
匿名地产,匿名地产,其他,1,1,1,杭州,09:00,18:00,9.0,92.4,舒适,1
匿名地市直机关,匿名地市直机关,其他,1,1,1,华东,08:30,17:30,9.0,91.0,舒适,0
匿名地级市市直机关,匿名地级市市直机关,其他,1,1,1,,08:00,18:00,10.0,83.4,良好,0
匿名城市规划设计公司,匿名城市规划设计公司,其他,1,1,1,广州,09:00,22:00,13.0,39.2,很卷,0
匿名境外动物保护公益机构,匿名境外动物保护公益机构,其他,1,1,1,北京,09:30,17:00,7.5,100.0,舒适,0
匿名外企猎头公司,匿名外企猎头公司,外企,1,1,1,上海,09:00,18:00,9.0,92.4,舒适,0
匿名公关公司,匿名公关公司,其他,1,1,1,北京,09:30,18:30,9.0,91.4,舒适,0
匿名公立初中编制内,匿名公立初中编制内,其他,1,1,1,上海,07:00,18:30,11.5,57.2,一般,0
匿名公路设计院,匿名公路设计院,其他,1,1,1,,08:30,12:00,3.5,100.0,舒适,0
匿名内资八大会计师事务所,匿名内资八大会计师事务所,其他,1,1,1,北京,09:00,23:30,14.5,11.0,很卷,1
匿名农业信息化公司,匿名农业信息化公司,互联网,1,1,1,上海,09:00,18:00,9.0,92.4,舒适,1
匿名副厅级二级保密单位,匿名副厅级二级保密单位,其他,1,1,1,,08:30,,,,数据不足,1
匿名区开发投资公司,匿名区开发投资公司,其他,1,1,1,广州,08:15,17:00,8.8,91.6,舒适,1
匿名上市半导体公司,匿名上市半导体公司,其他,1,1,1,上海,09:30,22:00,12.5,37.7,很卷,1
匿名上市民企建筑设计院,匿名上市民企建筑设计院,其他,1,1,1,杭州,09:00,17:30,8.5,95.5,舒适,0
匿名下属县级市咨询公司,匿名下属县级市咨询公司,其他,1,1,1,无锡,08:00,17:00,9.0,89.7,舒适,1
匿名专利代理公司,匿名专利代理公司,其他,1,1,1,深圳,09:00,18:00,9.0,92.4,舒适,1
匿名中交子公司,匿名中交子公司,其他,1,1,1,上海,08:30,17:30,9.0,91.0,舒适,1
匿名中交局公司,匿名中交局公司,其他,1,1,1,,08:00,18:00,10.0,71.4,良好,1
匿名中国电建院,匿名中国电建院,其他,1,1,1,,08:30,09:00,0.5,100.0,舒适,1
匿名中建八局南方公司深圳分项目,匿名中建八局南方公司深圳分项目,其他,1,1,1,深圳,07:30,18:00,10.5,64.2,一般,1
匿名头部民营建筑设计,匿名头部民营建筑设计,其他,1,1,1,成都,09:30,23:00,13.5,20.8,很卷,1
匿名娱乐营销公司,匿名娱乐营销公司,其他,1,1,1,上海,10:00,19:00,9.0,89.2,舒适,1
匿名室内设计公司,匿名室内设计公司,其他,1,1,1,广州,09:30,19:00,9.5,86.1,舒适,1
匿名小厂,匿名小厂,其他,1,1,1,北京,09:00,17:00,8.0,98.7,舒适,0
匿名国企下属研究院,匿名国企下属研究院,其他,1,1,1,上海,08:45,17:15,8.5,94.8,舒适,1
匿名国内债券评级机构,匿名国内债券评级机构,金融,1,1,1,上海,09:00,18:00,9.0,92.4,舒适,0
匿名国有工程咨询公司,匿名国有工程咨询公司,其他,1,1,1,上海,08:00,17:00,9.0,92.7,舒适,0
匿名国网数据中心,匿名国网数据中心,其他,1,1,1,北京,08:30,18:30,10.0,82.5,良好,0
匿名外资猎头公司,匿名外资猎头公司,其他,1,1,1,深圳,09:00,18:30,9.5,90.0,舒适,1
匿名外资船级社,匿名外资船级社,其他,1,1,1,南京,09:00,17:00,8.0,100.0,舒适,1
匿名大型工业类央企,匿名大型工业类央企,其他,1,1,1,,08:00,17:30,9.5,82.1,良好,1
匿名大学,匿名大学,互联网,1,1,1,杭州,08:00,21:00,13.0,41.0,偏卷,1
匿名大数据科技公司,匿名大数据科技公司,互联网,1,1,1,北京,09:00,17:00,8.0,98.7,舒适,1
匿名央企,匿名央企,其他,1,1,1,北京,08:30,16:30,8.0,97.3,舒适,1
匿名央企二级单位,匿名央企二级单位,金融,1,1,1,北京,08:30,17:00,8.5,94.2,舒适,0
匿名央企市政设计院,匿名央企市政设计院,互联网,1,1,1,天津,08:30,09:00,0.5,100.0,舒适,1
匿名央企控股租赁公司,匿名央企控股租赁公司,金融,1,1,1,北京,08:30,17:00,8.5,94.2,舒适,0
匿名产业互联网平台,匿名产业互联网平台,互联网,1,1,1,上海,09:00,19:00,10.0,81.6,良好,1
匿名产公司,匿名产公司,其他,1,1,1,深圳,09:00,18:00,9.0,92.4,舒适,1
匿名传统制造业国企,匿名传统制造业国企,其他,1,1,1,烟台,08:00,16:30,8.5,92.8,舒适,1
匿名偏远山区乡镇人民政府,匿名偏远山区乡镇人民政府,其他,1,1,1,,08:00,18:00,10.0,83.4,良好,1
匿名三桶油央企,匿名三桶油央企,其他,1,1,1,北京,08:00,17:00,9.0,89.7,舒适,0
匿名三线城市事业单位,匿名三线城市事业单位,其他,1,1,1,泰州,08:30,18:00,9.5,84.9,良好,0
匿名上市券商营业部,匿名上市券商营业部,金融,1,1,1,上海,08:30,16:30,8.0,97.3,舒适,1
匿名掌中x维,匿名掌中x维,互联网,1,1,1,广州,08:30,18:00,9.5,87.9,舒适,0
匿名政策性保险公司,匿名政策性保险公司,金融,1,1,1,北京,09:00,17:30,8.5,95.5,舒适,1
匿名小说,匿名小说,互联网,1,1,1,上海,09:00,18:00,9.0,92.4,舒适,0
匿名属证券公司,匿名属证券公司,金融,1,1,1,北京,09:30,18:00,8.5,96.8,舒适,1
匿名工程公司,匿名工程公司,其他,1,1,1,郑州,08:18,18:00,9.7,86.1,舒适,1
匿名工程造价咨询公司,匿名工程造价咨询公司,其他,1,1,1,青岛,08:30,17:30,9.0,85.0,舒适,1
匿名市委政府,匿名市委政府,其他,1,1,1,北京,09:00,19:00,10.0,77.1,良好,1
匿名市学院,匿名市学院,其他,1,1,1,北京,08:30,17:00,8.5,94.2,舒适,0
匿名市级三甲中医院,匿名市级三甲中医院,其他,1,1,1,常州,07:45,17:00,9.2,85.4,舒适,0
匿名师范大学附属初级中学（私立）,匿名师范大学附属初级中学（私立）,其他,1,1,1,广州,08:00,17:30,9.5,86.6,舒适,1
匿名常州电力行业建筑单位,匿名常州电力行业建筑单位,其他,1,1,1,常州,08:00,17:00,9.0,83.7,良好,1
匿名广告,匿名广告,其他,1,1,1,广州,09:30,23:00,13.5,32.8,很卷,1
匿名广告服务商,匿名广告服务商,互联网,1,1,1,深圳,09:00,18:00,9.0,92.4,舒适,0
匿名广告热店,匿名广告热店,互联网,1,1,1,上海,,,,,数据不足,1
匿名外贸企业,匿名外贸企业,其他,1,1,1,,08:00,17:00,9.0,83.7,良好,0
匿名外贸家居用品公司,匿名外贸家居用品公司,其他,1,1,1,广州,09:00,18:00,9.0,92.4,舒适,1
匿名水下通信公司,匿名水下通信公司,互联网,1,1,1,深圳,09:00,19:00,10.0,81.6,良好,1
匿名汽车电商商务,匿名汽车电商商务,互联网,1,1,1,广州,09:00,18:00,9.0,92.4,舒适,1
匿名汽车零部件公司,匿名汽车零部件公司,其他,1,1,1,,07:30,17:30,10.0,77.4,良好,0
匿名沿江海洋能源公司,匿名沿江海洋能源公司,其他,1,1,1,江苏沿海,08:00,17:00,9.0,83.7,良好,1
匿名建工,匿名建工,其他,1,1,1,珠三角,09:00,18:00,9.0,92.4,舒适,0
匿名建筑企业,匿名建筑企业,其他,1,1,1,,08:15,17:30,9.2,89.1,舒适,0
匿名建筑公司,匿名建筑公司,其他,1,1,1,廊坊,07:00,19:00,12.0,44.3,偏卷,0
匿名建筑行业外贸公司,匿名建筑行业外贸公司,其他,1,1,1,下李朗靠近华为,08:00,09:00,1.0,100.0,舒适,1
匿名建筑设计公司,匿名建筑设计公司,其他,1,1,1,上海,09:30,18:00,8.5,90.8,舒适,1
匿名建筑设计院（公司）,匿名建筑设计院（公司）,其他,1,1,1,广州,08:30,17:30,9.0,91.0,舒适,0
匿名影视传媒公司,匿名影视传媒公司,其他,1,1,1,北京,10:00,18:00,8.0,100.0,舒适,1
匿名影视宣传公司,匿名影视宣传公司,其他,1,1,1,北京,09:30,18:00,8.5,96.8,舒适,1
匿名德国企业,匿名德国企业,外企,1,1,1,北京,09:00,17:30,8.5,95.5,舒适,1
匿名惠州公司,匿名惠州公司,其他,1,1,1,惠州,08:30,17:30,9.0,91.0,舒适,1
匿名惠州市政设计院,匿名惠州市政设计院,其他,1,1,1,惠州,08:30,18:00,9.5,81.9,良好,1
匿名房地产公司,匿名房地产公司,互联网,1,1,1,深圳,09:00,18:00,9.0,92.4,舒适,1
匿名生物医药公司,匿名生物医药公司,其他,1,1,1,上海,09:00,17:30,8.5,95.5,舒适,0
匿名电力三产公司,匿名电力三产公司,互联网,1,1,1,福州,08:30,19:00,10.5,67.1,一般,1
匿名电商,匿名电商,互联网,1,1,1,广州,08:30,17:30,9.0,85.0,舒适,0
匿名电商公司,匿名电商公司,互联网,1,1,1,北京,09:00,22:00,13.0,36.2,很卷,0
匿名电商小公司,匿名电商小公司,互联网,1,1,1,株洲,09:00,18:00,9.0,86.4,舒适,1
匿名监督局,匿名监督局,其他,1,1,1,昆明,08:00,18:00,10.0,83.4,良好,0
匿名省医院,匿名省医院,其他,1,1,1,成都,07:30,19:00,11.5,59.4,一般,1
匿名省地市市直（非武汉）,匿名省地市市直（非武汉）,其他,1,1,1,,08:30,17:30,9.0,91.0,舒适,0
匿名教育机构,匿名教育机构,其他,1,1,1,杭州,08:30,16:30,8.0,91.3,舒适,1
匿名断电地区证券,匿名断电地区证券,金融,1,1,1,北京,08:30,16:30,8.0,97.3,舒适,0
匿名机器人公司,匿名机器人公司,互联网,1,1,1,苏州,08:30,17:30,9.0,91.0,舒适,0
匿名机场,匿名机场,其他,1,1,1,上海,09:00,16:00,7.0,100.0,舒适,0
匿名民企,匿名民企,其他,1,1,1,北京,09:00,17:30,8.5,95.5,舒适,1
匿名民营工程设计公司,匿名民营工程设计公司,其他,1,1,1,广州,08:30,17:30,9.0,91.0,舒适,1
匿名民营房企，规模不大，排名全国百强,匿名民营房企，规模不大，排名全国百强,其他,1,1,1,深圳,08:30,18:00,9.5,87.9,舒适,0
匿名民营电力设计院,匿名民营电力设计院,其他,1,1,1,杭州,08:40,17:40,9.0,87.0,舒适,1
匿名私立高端儿科连锁医院,匿名私立高端儿科连锁医院,其他,1,1,1,赏花,09:00,18:00,9.0,92.4,舒适,1
匿名科技公司,匿名科技公司,互联网,1,1,1,成都,09:00,,,,数据不足,0
匿名科技公司(客服软件),匿名科技公司(客服软件),互联网,1,1,1,上海,11:00,19:00,8.0,95.5,舒适,1
匿名空调公司,匿名空调公司,其他,1,1,1,上海,09:00,18:00,9.0,86.4,舒适,0
匿名粤系地产,匿名粤系地产,其他,1,1,1,苏北,08:30,17:30,9.0,91.0,舒适,0
匿名美国认证公司,匿名美国认证公司,外企,1,1,1,上海,09:30,17:30,8.0,100.0,舒适,1
匿名老牌本土公关公司,匿名老牌本土公关公司,其他,1,1,1,北京,09:00,18:00,9.0,92.4,舒适,1
匿名背景提升公司,匿名背景提升公司,其他,1,1,1,北京,09:30,17:30,8.0,100.0,舒适,0
匿名能源销售国企,匿名能源销售国企,其他,1,1,1,,08:30,17:00,8.5,94.2,舒适,0
匿名航天,匿名航天,其他,1,1,1,北京,08:18,22:00,13.7,28.4,很卷,0
匿名沿海不知名省会城市区级行政单位,匿名沿海不知名省会城市区级行政单位,其他,1,1,1,会城,08:30,18:00,9.5,87.9,舒适,0
匿名流体控制,匿名流体控制,其他,1,1,1,上海,09:00,17:00,8.0,98.7,舒适,1
匿名深圳电商长沙,匿名深圳电商长沙,其他,1,1,1,长沙,08:18,18:06,9.8,80.5,良好,1
匿名清洁电器公司,匿名清洁电器公司,互联网,1,1,1,北京,09:00,18:00,9.0,92.4,舒适,0
匿名环保行业国企,匿名环保行业国企,其他,1,1,1,珠海,08:00,17:30,9.5,86.6,舒适,1
匿名生物公司,匿名生物公司,其他,1,1,1,广州,08:18,17:18,9.0,90.5,舒适,1
匠人,匠人,互联网,1,1,1,杭州,09:00,18:00,9.0,92.4,舒适,0
匠果网,匠果网,互联网,1,1,1,杭州,09:00,17:00,8.0,98.7,舒适,0
医惠科技,医惠科技,互联网,1,1,1,,09:00,21:00,12.0,50.0,偏卷,1
医渡云,医渡云,互联网,1,1,1,北京,10:00,19:30,9.5,83.8,良好,0
医渡云（上市编码:HK.2158）,医渡云（上市编码:HK.2158）,互联网,1,1,1,北京,10:00,20:00,10.0,78.4,良好,1
医药批发,医药批发,其他,1,1,1,广州,08:30,17:30,9.0,85.0,舒适,0
匿名跨境电商大麦,匿名跨境电商大麦,其他,1,1,1,郑州,09:00,,,,数据不足,0
匿名跨境电商铺货公司,匿名跨境电商铺货公司,其他,1,1,1,深圳,09:00,18:00,9.0,92.4,舒适,0
匿名车企,匿名车企,其他,1,1,1,广州,08:30,17:30,9.0,91.0,舒适,1
匿名车辆生产及运营公司,匿名车辆生产及运营公司,其他,1,1,1,西安,08:30,21:30,13.0,31.1,很卷,1
匿名软件公司,匿名软件公司,互联网,1,1,1,杭州,09:18,18:00,8.7,95.1,舒适,1
匿名省属国企,匿名省属国企,其他,1,1,1,南京,08:30,17:30,9.0,91.0,舒适,0
匿名石家庄所,匿名石家庄所,其他,1,1,1,石家庄,08:18,19:00,10.7,59.3,一般,1
匿名石材外贸企业,匿名石材外贸企业,其他,1,1,1,济南,08:30,18:00,9.5,81.9,良好,0
匿名研究所,匿名研究所,其他,1,1,1,上海,08:00,16:30,8.5,92.8,舒适,1
匿名私企设计院,匿名私企设计院,其他,1,1,1,上海,09:18,17:00,7.7,95.4,舒适,1
匿名船舶国企,匿名船舶国企,其他,1,1,1,杭州,08:00,17:00,9.0,89.7,舒适,1
匿名船舶国企（第649条）,匿名船舶国企（第649条）,其他,1,1,1,杭州,08:00,17:00,9.0,89.7,舒适,1
匿名芳村广告公司,匿名芳村广告公司,其他,1,1,1,广州,09:30,12:00,2.5,100.0,舒适,1
匿名西部国企公司,匿名西部国企公司,其他,1,1,1,西部,,08:00,,,数据不足,1
匿名评估公司,匿名评估公司,其他,1,1,1,北京,09:30,17:30,8.0,100.0,舒适,0
匿名调味品日企,匿名调味品日企,外企,1,1,1,上海,08:50,17:35,8.8,93.2,舒适,0
匿名货代公司,匿名货代公司,其他,1,1,1,常州,08:30,17:30,9.0,86.5,舒适,1
匿名跨境电商,匿名跨境电商,互联网,1,1,1,郑州,09:00,19:00,10.0,77.1,良好,1
匿名跨境电商公司,匿名跨境电商公司,互联网,1,1,1,郑州,09:00,18:00,9.0,92.4,舒适,0
匿名中建局,匿名中建局,其他,1,1,1,跟项目,08:00,22:00,14.0,24.2,很卷,0
匿名中建局投资公司,匿名中建局投资公司,其他,1,1,1,广州,08:30,17:30,9.0,91.0,舒适,1
匿名中建局西南公司,匿名中建局西南公司,其他,1,1,1,成都,08:00,10:00,2.0,100.0,舒适,0
匿名中建设计院,匿名中建设计院,其他,1,1,1,成都,09:00,21:00,12.0,44.0,偏卷,1
匿名中核矿业下属院,匿名中核矿业下属院,其他,1,1,1,河北省,08:00,17:30,9.5,86.6,舒适,1
北汽福田汽车,北汽福田汽车,其他,1,1,1,北京,08:20,17:00,8.7,92.5,舒适,1
北龙青云,北龙青云,互联网,1,1,1,北京,08:30,18:00,9.5,87.9,舒适,1
北京长城东晟咨询,北京长城东晟咨询,互联网,1,1,1,保定,08:00,17:30,9.5,83.6,良好,1
北京飞峡雨科技,北京飞峡雨科技,互联网,1,1,1,北京,10:30,19:30,9.0,87.0,舒适,1
华夏幸福,华夏幸福,其他,1,1,1,北京,09:00,18:00,9.0,92.4,舒适,0
华大基因,华大基因,其他,1,1,1,深圳,09:00,18:00,9.0,92.4,舒适,0
华客信息科技,华客信息科技,互联网,1,1,1,上海,,21:00,,,数据不足,0
匿名软件开发公司,匿名软件开发公司,互联网,1,1,1,广州,08:30,18:00,9.5,83.4,良好,1
匿名连锁公司,匿名连锁公司,其他,1,1,1,杭州,09:00,22:00,13.0,33.2,很卷,1
匿名部委,匿名部委,互联网,1,1,1,北京,08:00,18:00,10.0,83.4,良好,0
匿名高新区地产广告公司,匿名高新区地产广告公司,其他,1,1,1,苏州,09:00,18:00,9.0,87.9,舒适,1
匿名高校出版社,匿名高校出版社,其他,1,1,1,桂林,08:30,18:00,9.5,87.9,舒适,0
千寻位置网络,千寻位置网络,互联网,1,1,1,上海,09:30,19:30,10.0,80.6,良好,0
半亩花田,半亩花田,互联网,1,1,1,济南,08:18,18:00,9.7,81.6,良好,0
半岛网络科技,半岛网络科技,互联网,1,1,1,上海,09:00,20:00,11.0,54.8,偏卷,0
华东勘测设计研究院,华东勘测设计研究院,其他,1,1,1,杭州,08:30,20:00,11.5,50.3,偏卷,1
华东医药,华东医药,其他,1,1,1,三线,08:00,17:00,9.0,89.7,舒适,1
匿名船东,匿名船东,外企,1,1,1,青岛,,,,,数据不足,0
华能西安热工研究院,华能西安热工研究院,其他,1,1,1,西安,09:00,15:30,6.5,100.0,舒适,1
华腾,华腾,其他,1,1,1,色图,07:00,23:00,16.0,6.5,很卷,0
华讯网络,华讯网络,互联网,1,1,1,上海,09:00,17:30,8.5,95.5,舒适,0
华东建筑设计研究院总院,华东建筑设计研究院总院,其他,1,1,1,上海,08:30,17:00,8.5,88.2,舒适,0
华人影业,华人影业,其他,1,1,1,北京,09:30,18:30,9.0,91.4,舒适,0
华住,华住,互联网,1,1,1,上海,09:30,20:00,10.5,65.2,一般,0
华勤技术,华勤技术,互联网,1,1,1,无锡,08:30,20:00,11.5,51.8,偏卷,1
华友钴业,华友钴业,其他,1,1,1,嘉兴,08:00,17:30,9.5,86.6,舒适,1
华商国际,华商国际,其他,1,1,1,北京,08:45,16:45,8.0,93.5,舒适,0
华夏基金,华夏基金,金融,1,1,1,北京,08:30,17:30,9.0,91.0,舒适,1
匿名100-150人左右的公司,匿名100-150人左右的公司,互联网,1,1,1,成都,09:00,18:30,9.5,87.0,舒适,0
匿名985高校,匿名985高校,其他,1,1,1,,10:00,23:00,13.0,27.0,很卷,1
匿名Tier 1战略咨询公司,匿名Tier 1战略咨询公司,外企,1,1,1,上海,10:00,19:00,9.0,89.2,舒适,0
匿名一维,匿名一维,互联网,1,1,1,西安,09:30,17:30,8.0,100.0,舒适,0
北京视通科技,北京视通科技,互联网,1,1,1,北京,09:00,18:30,9.5,81.0,良好,1
北京银行杭州分行,北京银行杭州分行,金融,1,1,1,杭州,08:30,19:00,10.5,67.1,一般,0
卓易科技,卓易科技,互联网,1,1,1,上海,10:00,21:00,11.0,57.6,一般,1
南京xx微电子,南京xx微电子,其他,1,1,1,南京,08:30,19:30,11.0,55.7,一般,0
南京中软国际,南京中软国际,互联网,1,1,1,南京,09:00,18:30,9.5,87.0,舒适,0
南京九洲/百清,南京九洲/百清,互联网,1,1,1,南京,08:45,18:15,9.5,87.4,舒适,0
南京云信达,南京云信达,互联网,1,1,1,南京,09:00,18:00,9.0,92.4,舒适,1
南京亚信软件,南京亚信软件,互联网,1,1,1,郑州,09:00,18:00,9.0,86.4,舒适,1
华泰,华泰,互联网,1,1,1,南京,08:30,17:00,8.5,94.2,舒适,0
华泰联合,华泰联合,金融,1,1,1,北京,09:00,19:00,10.0,81.6,良好,0
华泰联合证券,华泰联合证券,金融,1,1,1,深圳,09:00,11:00,2.0,100.0,舒适,0
华测检测认证,华测检测认证,其他,1,1,1,深圳,09:00,18:30,9.5,87.0,舒适,1
华润,华润,互联网,1,1,1,西安,09:00,16:00,7.0,100.0,舒适,1
华润万家,华润万家,其他,1,1,1,上海,09:00,16:00,7.0,99.0,舒适,1
华润河南医药,华润河南医药,其他,1,1,1,郑州,08:30,18:30,10.0,82.5,良好,1
华润湖南瑞格医药,华润湖南瑞格医药,其他,1,1,1,长沙,08:00,17:30,9.5,86.6,舒适,1
华熙生物,华熙生物,其他,1,1,1,济南,08:30,17:00,8.5,94.2,舒适,0
华硕,华硕,互联网,1,1,1,上海,10:00,19:00,9.0,89.2,舒适,0
北京祝融视觉科技,北京祝融视觉科技,互联网,1,1,1,北京,10:00,18:00,8.0,100.0,舒适,1
北京经纬恒润科技,北京经纬恒润科技,其他,1,1,1,北京,09:00,20:00,11.0,60.8,一般,0
北京联众元科贸,北京联众元科贸,其他,1,1,1,北京,08:30,18:00,9.5,83.4,良好,1
北京联信天下,北京联信天下,互联网,1,1,1,成都,09:00,20:00,11.0,60.8,一般,1
北京联合戴普数据科技,北京联合戴普数据科技,其他,1,1,1,,09:00,18:00,9.0,92.4,舒适,1
北京腾景数字科技,北京腾景数字科技,金融,1,1,1,北京,08:30,17:30,9.0,91.0,舒适,0
北京致医健康,北京致医健康,互联网,1,1,1,北京,09:00,18:00,9.0,86.4,舒适,0
南京海能达,南京海能达,其他,1,1,1,南京,08:30,18:00,9.5,87.9,舒适,0
南京烽火星空通信发展,南京烽火星空通信发展,其他,1,1,1,广州,09:00,18:00,9.0,92.4,舒适,1
南京甄视智能科技有限公司/小视科技,南京甄视智能科技有限公司/小视科技,互联网,1,1,1,南京,09:00,17:30,8.5,95.5,舒适,1
南京甄视科技,南京甄视科技,互联网,1,1,1,南京,09:00,17:00,8.0,98.7,舒适,0
南京硅基智能科技,南京硅基智能科技,互联网,1,1,1,南京,09:00,18:30,9.5,87.0,舒适,0
华阳国际工程设计产业化公司,华阳国际工程设计产业化公司,其他,1,1,1,深圳,09:00,18:00,9.0,95.4,舒适,1
华院分析,华院分析,互联网,1,1,1,成都,09:00,18:00,9.0,92.4,舒适,1
华院计算,华院计算,互联网,1,1,1,上海,09:00,18:00,9.0,92.4,舒适,0
卓奇,卓奇,互联网,1,1,1,北京,08:30,17:30,9.0,91.0,舒适,1
南昌波动传媒,南昌波动传媒,互联网,1,1,1,南昌,08:30,18:00,9.5,83.4,良好,0
南京凌之众广告策划,南京凌之众广告策划,其他,1,1,1,南京,08:30,18:00,9.5,81.9,良好,0
南京南瑞继保,南京南瑞继保,其他,1,1,1,南京,08:00,21:00,13.0,38.0,很卷,1
南京叶子,南京叶子,互联网,1,1,1,南京,09:00,18:30,9.5,87.0,舒适,1
南京基石数据,南京基石数据,互联网,1,1,1,南京,08:00,17:00,9.0,89.7,舒适,1
南京恩博科技,南京恩博科技,互联网,1,1,1,南京,09:00,17:00,8.0,92.7,舒适,1
南京柯基数据,南京柯基数据,互联网,1,1,1,南京,08:00,17:00,9.0,89.7,舒适,0
南京欣网互联网络科技,南京欣网互联网络科技,互联网,1,1,1,南京,09:00,17:18,8.3,96.8,舒适,1
南京洛可可,南京洛可可,其他,1,1,1,南京,09:00,18:00,9.0,92.4,舒适,1
北京首都在线科技,北京首都在线科技,其他,1,1,1,北京,10:00,19:00,9.0,89.2,舒适,0
北京龙拳风暴,北京龙拳风暴,互联网,1,1,1,北京,10:00,21:00,11.0,57.6,一般,1
北大医信,北大医信,互联网,1,1,1,北京,08:30,19:00,10.5,67.1,一般,1
北斗科技,北斗科技,其他,1,1,1,,08:00,18:00,10.0,74.4,良好,0
北京白龙马云行科技,北京白龙马云行科技,其他,1,1,1,北京,10:00,22:00,12.0,46.8,偏卷,1
北京知金大鹏教育,北京知金大鹏教育,其他,1,1,1,北京,09:00,18:00,9.0,92.4,舒适,0
北京碧生源,北京碧生源,互联网,1,1,1,北京,09:00,17:18,8.3,96.8,舒适,1
博乐科技,博乐科技,互联网,1,1,1,北京,09:30,20:30,11.0,59.8,一般,1
博彦科技（北京总部）,博彦科技（北京总部）,互联网,1,1,1,北京,09:00,18:00,9.0,92.4,舒适,1
博思软件,博思软件,互联网,1,1,1,北京,09:30,18:00,8.5,96.8,舒适,0
博时基金,博时基金,金融,1,1,1,深圳,08:00,17:00,9.0,89.7,舒适,1
南京立顺康达医药科技,南京立顺康达医药科技,外企,1,1,1,上海,09:00,18:00,9.0,92.4,舒适,0
南京网眼,南京网眼,互联网,1,1,1,南京,09:30,18:30,9.0,91.4,舒适,0
南京证券,南京证券,金融,1,1,1,南京,08:30,17:00,8.5,94.2,舒适,0
南京阔友信息技术,南京阔友信息技术,互联网,1,1,1,南京,08:45,18:00,9.2,90.4,舒适,0
南京风云投资管理,南京风云投资管理,其他,1,1,1,南京,08:45,17:30,8.8,93.0,舒适,1
南京飞搏数科,南京飞搏数科,互联网,1,1,1,南京,09:00,18:00,9.0,92.4,舒适,1
南京麦斯特,南京麦斯特,互联网,1,1,1,南京,08:15,23:00,14.8,15.3,很卷,0
南威,南威,互联网,1,1,1,福州,09:00,18:00,9.0,92.4,舒适,0
南方+,南方+,其他,1,1,1,广州,09:30,18:30,9.0,91.4,舒适,0
南方医科大学珠江医院,南方医科大学珠江医院,其他,1,1,1,广州,08:00,13:00,5.0,100.0,舒适,0
南方基金,南方基金,互联网,1,1,1,深圳,08:24,20:00,11.6,55.4,一般,1
南昌,南昌,其他,1,1,1,南昌,09:00,17:00,8.0,98.7,舒适,1
南沙开建,南沙开建,其他,1,1,1,广州,09:00,18:00,9.0,92.4,舒适,0
南瑞,南瑞,互联网,1,1,1,南京,09:00,17:00,8.0,98.7,舒适,0
南网科研院,南网科研院,其他,1,1,1,广州,08:30,17:00,8.5,89.7,舒适,0
南通xxx文化传媒公司,南通xxx文化传媒公司,其他,1,1,1,南通,09:00,18:00,9.0,86.4,舒适,1
南通贝思特机械工程,南通贝思特机械工程,其他,1,1,1,南通,07:30,17:00,9.5,80.6,良好,0
博乐,博乐,互联网,1,1,1,北京,09:30,18:30,9.0,91.4,舒适,1
北京航天测控技术,北京航天测控技术,其他,1,1,1,北京,09:00,18:00,9.0,92.4,舒适,1
北京航星永志科技,北京航星永志科技,互联网,1,1,1,北京,08:30,21:00,12.5,39.5,很卷,0
北京菁禾国际装饰设计,北京菁禾国际装饰设计,其他,1,1,1,北京,09:00,09:00,,,数据不足,0
北京欧倍尔山东,北京欧倍尔山东,互联网,1,1,1,济南,08:30,18:00,9.5,87.9,舒适,1
北京泛亚中视公关策划,北京泛亚中视公关策划,其他,1,1,1,北京,09:00,10:00,1.0,100.0,舒适,1
北京泛钛客科技,北京泛钛客科技,金融,1,1,1,北京,09:00,19:30,10.5,66.2,一般,1
北京泽声科技,北京泽声科技,其他,1,1,1,北京,09:00,18:00,9.0,92.4,舒适,1
北京海泰方圆科技股份公司,北京海泰方圆科技股份公司,互联网,1,1,1,北京,08:30,20:00,11.5,59.3,一般,0
北京海致星图科技,北京海致星图科技,互联网,1,1,1,北京,09:30,18:30,9.0,91.4,舒适,0
北京滴普科技,北京滴普科技,互联网,1,1,1,深圳,09:30,19:00,9.5,86.1,舒适,0
北京攸乐,北京攸乐,互联网,1,1,1,北京,10:00,,,,数据不足,1
北京攸乐科技,北京攸乐科技,互联网,1,1,1,北京,10:00,21:30,11.5,46.2,偏卷,0
又拍云,又拍云,互联网,1,1,1,杭州,09:00,18:00,9.0,92.4,舒适,0
友塔,友塔,互联网,1,1,1,上海,10:00,19:00,9.0,89.2,舒适,0
友塔网络,友塔网络,互联网,1,1,1,上海,10:00,20:00,10.0,73.9,良好,0
友邦保险,友邦保险,金融,1,1,1,广州,09:30,,,,数据不足,1
博智,博智,互联网,1,1,1,成都,09:30,18:00,8.5,96.8,舒适,0
卡冈图雅影视文化,卡冈图雅影视文化,其他,1,1,1,深圳,,,,,数据不足,0
卫健智能（深圳）,卫健智能（深圳）,其他,1,1,1,深圳,09:15,20:30,11.2,53.4,偏卷,1
卫士通,卫士通,互联网,1,1,1,成都,08:30,16:30,8.0,100.0,舒适,1
卫宁健康合肥,卫宁健康合肥,互联网,1,1,1,合肥,09:00,19:00,10.0,81.6,良好,0
印萌,印萌,互联网,1,1,1,广州,09:00,18:00,9.0,92.4,舒适,1
厦门,厦门,其他,1,1,1,厦门,08:30,17:30,9.0,91.0,舒适,1
厦门创客互联信息技术,厦门创客互联信息技术,互联网,1,1,1,厦门,09:00,10:00,1.0,100.0,舒适,1
厦门海晟融创信息技术有限公司湖南,厦门海晟融创信息技术有限公司湖南,其他,1,1,1,长沙,09:00,18:00,9.0,92.4,舒适,1
南昌谷联贸易,南昌谷联贸易,互联网,1,1,1,南昌,,09:00,,,数据不足,0
厦门科拓通讯技术,厦门科拓通讯技术,其他,1,1,1,厦门,08:30,17:45,9.2,89.8,舒适,1
厦门立达信,厦门立达信,互联网,1,1,1,厦门,08:30,19:00,10.5,67.1,一般,1
厦门纳龙健康科技,厦门纳龙健康科技,互联网,1,1,1,南京,08:30,18:00,9.5,87.9,舒适,0
厦门钺科,厦门钺科,其他,1,1,1,厦门,08:30,20:00,11.5,53.3,偏卷,0
厦门银行,厦门银行,金融,1,1,1,厦门,09:00,17:30,8.5,95.5,舒适,1
厦门青瓷数码,厦门青瓷数码,互联网,1,1,1,厦门,09:00,22:00,13.0,33.2,很卷,1
厦门鲲鹭物联,厦门鲲鹭物联,互联网,1,1,1,厦门,09:00,18:00,9.0,89.4,舒适,1
北京爱康国宾,北京爱康国宾,互联网,1,1,1,北京,09:30,18:30,9.0,91.4,舒适,1
北京牧童科技,北京牧童科技,互联网,1,1,1,淄博,08:30,09:00,0.5,100.0,舒适,0
北京瑞祥佳艺建筑装饰工程,北京瑞祥佳艺建筑装饰工程,互联网,1,1,1,北京,08:18,20:00,11.7,48.5,偏卷,0
北京思湃德,北京思湃德,互联网,1,1,1,成都,09:00,18:00,9.0,92.4,舒适,0
北京悦商数科技术,北京悦商数科技术,互联网,1,1,1,北京,09:00,18:30,9.5,81.0,良好,0
北京慧博科技,北京慧博科技,其他,1,1,1,北京,09:00,20:00,11.0,60.8,一般,0
北京慧点科技,北京慧点科技,互联网,1,1,1,西安,08:30,20:30,12.0,47.9,偏卷,0
北京掌上先机,北京掌上先机,互联网,1,1,1,北京,09:00,18:00,9.0,92.4,舒适,0
北京掌愿互动科技,北京掌愿互动科技,互联网,1,1,1,北京,09:30,18:30,9.0,91.4,舒适,0
北京市心肺血管疾病研究所,北京市心肺血管疾病研究所,其他,1,1,1,北京,08:30,23:30,15.0,12.5,很卷,0
北京市普强信息技术,北京市普强信息技术,互联网,1,1,1,北京,10:00,20:00,10.0,72.4,良好,1
同盾科技,同盾科技,互联网,1,1,1,杭州,09:30,19:00,9.5,86.1,舒适,0
同程艺龙,同程艺龙,互联网,1,1,1,北京,10:00,21:00,11.0,57.6,一般,0
同策房产咨询,同策房产咨询,其他,1,1,1,镇江,09:00,18:00,9.0,92.4,舒适,0
双汇,双汇,其他,1,1,1,漯河,08:00,18:30,10.5,62.0,一般,1
发发奇,发发奇,互联网,1,1,1,上海,10:00,19:00,9.0,89.2,舒适,1
口才宝,口才宝,其他,1,1,1,苏州,09:00,17:30,8.5,95.5,舒适,1
古茗科技,古茗科技,其他,1,1,1,杭州,09:30,18:30,9.0,91.4,舒适,0
可孚医疗科技,可孚医疗科技,其他,1,1,1,长沙,08:30,17:30,9.0,85.0,舒适,0
台积电,台积电,其他,1,1,1,上海,08:30,17:30,9.0,91.0,舒适,1
台达电子,台达电子,其他,1,1,1,东莞,08:00,17:40,9.7,85.3,舒适,1
司法局,司法局,其他,1,1,1,不便透露,09:00,17:30,8.5,95.5,舒适,1
司顺网络,司顺网络,其他,1,1,1,上海,08:30,20:00,11.5,56.3,一般,1
合肥网达软件,合肥网达软件,互联网,1,1,1,合肥,09:00,18:00,9.0,92.4,舒适,1
厦门畅享信息,厦门畅享信息,互联网,1,1,1,重庆,09:00,18:00,9.0,92.4,舒适,0
北京合众伟奇科技,北京合众伟奇科技,其他,1,1,1,郑州,09:00,20:00,11.0,60.8,一般,0
和而泰,和而泰,其他,1,1,1,杭州,08:18,17:00,8.7,92.4,舒适,0
咪咕,咪咕,互联网,1,1,1,北京,09:00,,,,数据不足,0
吉林银行,吉林银行,互联网,1,1,1,长春,08:24,16:00,7.6,99.6,舒适,0
吉比特（雷霆游戏）,吉比特（雷霆游戏）,互联网,1,1,1,厦门,09:00,21:00,12.0,47.0,偏卷,0
同方威视,同方威视,其他,1,1,1,北京,,,,,数据不足,0
同济经典,同济经典,其他,1,1,1,上海,09:30,18:00,8.5,96.8,舒适,1
北京易捷思达科技发展,北京易捷思达科技发展,其他,1,1,1,成都,10:00,20:30,10.5,63.0,一般,0
北京智鼎管理咨询,北京智鼎管理咨询,其他,1,1,1,广州,08:00,17:00,9.0,89.7,舒适,0
北京朝歌数码科技,北京朝歌数码科技,互联网,1,1,1,东莞,09:00,18:00,9.0,87.9,舒适,0
北京木屋时代科技有限公司（蔬东坡）,北京木屋时代科技有限公司（蔬东坡）,互联网,1,1,1,长沙,09:00,18:00,9.0,92.4,舒适,1
北京天融信信息科技,北京天融信信息科技,其他,1,1,1,武汉,,,,,数据不足,0
北京奇聊科技,北京奇聊科技,互联网,1,1,1,北京,10:00,19:00,9.0,89.2,舒适,0
北京宇信,北京宇信,互联网,1,1,1,上海,09:00,17:00,8.0,92.7,舒适,1
北京安泰伟奥信息技术有限公司(河北神玥集团下属),北京安泰伟奥信息技术有限公司(河北神玥集团下属),互联网,1,1,1,武汉,09:00,21:00,12.0,44.0,偏卷,1
北京市公立小学,北京市公立小学,其他,1,1,1,北京,07:30,17:20,9.8,84.7,良好,1
名通科技,名通科技,互联网,1,1,1,深圳,08:30,17:45,9.2,89.8,舒适,1
吕梁怡华妇产医院,吕梁怡华妇产医院,其他,1,1,1,山西吕梁,08:00,18:00,10.0,71.4,良好,0
启林投资,启林投资,金融,1,1,1,北京,08:30,18:00,9.5,87.9,舒适,0
启瑞,启瑞,其他,1,1,1,武汉,08:30,17:00,8.5,89.7,舒适,1
吾未网络,吾未网络,互联网,1,1,1,上海,09:30,18:30,9.0,91.4,舒适,1
周师兄重庆火锅,周师兄重庆火锅,其他,1,1,1,重庆,09:00,21:00,12.0,41.0,偏卷,0
和美妇儿,和美妇儿,其他,1,1,1,北京,08:00,17:00,9.0,89.7,舒适,1
北京市电力公司,北京市电力公司,其他,1,1,1,北京,08:00,18:00,10.0,83.4,良好,1
北京开课吧,北京开课吧,互联网,1,1,1,北京,10:30,19:00,8.5,92.4,舒适,0
北京元心,北京元心,其他,1,1,1,北京,09:00,18:00,9.0,95.4,舒适,1
北京全时天地在线网络信息,北京全时天地在线网络信息,互联网,1,1,1,北京,08:30,18:40,10.2,64.5,一般,0
北京六律,北京六律,其他,1,1,1,北京,09:30,20:00,10.5,53.2,偏卷,1
北京兴华会计师事务所,北京兴华会计师事务所,其他,1,1,1,深圳,09:00,17:00,8.0,98.7,舒适,1
北京博乐科技,北京博乐科技,互联网,1,1,1,北京,09:30,21:00,11.5,54.4,偏卷,0
北京博奥森生物,北京博奥森生物,其他,1,1,1,马驹桥联东u谷,08:00,17:00,9.0,89.7,舒适,0
北京卡宾滑雪,北京卡宾滑雪,其他,1,1,1,北京,09:00,18:30,9.5,87.0,舒适,1
四大行,四大行,金融,1,1,1,某直辖,09:00,21:00,12.0,50.0,偏卷,0
四川化工私企,四川化工私企,其他,1,1,1,成都,08:30,20:00,11.5,50.3,偏卷,0
四川攀钢嘉德精工科技,四川攀钢嘉德精工科技,其他,1,1,1,成都,09:00,17:00,8.0,98.7,舒适,0
四川汇腾建设工程,四川汇腾建设工程,其他,1,1,1,成都,08:18,18:18,10.0,76.8,良好,1
四川油建,四川油建,其他,1,1,1,,07:00,12:00,5.0,100.0,舒适,1
四川源润通信,四川源润通信,互联网,1,1,1,成都,09:00,18:00,9.0,92.4,舒适,1
四川省工业设备安装,四川省工业设备安装,其他,1,1,1,成都,08:00,22:30,14.5,18.8,很卷,0
咪咕互动娱乐,咪咕互动娱乐,互联网,1,1,1,南京,09:00,18:00,9.0,92.4,舒适,1
咪咕数字传媒,咪咕数字传媒,互联网,1,1,1,杭州,09:00,20:00,11.0,60.8,一般,0
哈佛医学院,哈佛医学院,其他,1,1,1,波士顿,06:00,22:00,16.0,23.0,很卷,1
哈努曼,哈努曼,互联网,1,1,1,杭州,08:30,18:30,10.0,76.5,良好,1
哈尔滨暗冬文化传媒,哈尔滨暗冬文化传媒,互联网,1,1,1,实体,,,,,数据不足,1
哈尔滨秋林里道斯食品,哈尔滨秋林里道斯食品,其他,1,1,1,哈尔滨,07:30,15:30,8.0,90.0,舒适,0
唐企盛泰,唐企盛泰,其他,1,1,1,珠海,09:00,20:00,11.0,56.3,一般,1
唯一视觉,唯一视觉,互联网,1,1,1,上海,09:30,18:00,8.5,90.8,舒适,1
啄木鸟,啄木鸟,互联网,1,1,1,重庆,09:30,19:00,9.5,86.1,舒适,0
北京三维天地科技股份有限公司(武汉),北京三维天地科技股份有限公司(武汉),其他,1,1,1,武汉,08:30,17:30,9.0,91.0,舒适,1
北京中科江南技术,北京中科江南技术,互联网,1,1,1,北京,08:30,19:00,10.5,67.1,一般,0
北京中视广信,北京中视广信,互联网,1,1,1,,07:00,15:00,8.0,100.0,舒适,0
北京云图智造,北京云图智造,其他,1,1,1,北京,08:30,18:00,9.5,81.9,良好,1
北京云晰科技,北京云晰科技,互联网,1,1,1,北京,09:30,18:30,9.0,87.0,舒适,1
北京互联企信有限公司广东,北京互联企信有限公司广东,其他,1,1,1,佛山,08:00,18:00,10.0,78.9,良好,1
北京京能信息,北京京能信息,其他,1,1,1,北京,08:30,17:30,9.0,91.0,舒适,1
国字头能源,国字头能源,互联网,1,1,1,北京,08:30,09:00,0.5,100.0,舒适,1
国字头能源行业,国字头能源行业,其他,1,1,1,深圳,08:30,17:30,9.0,91.0,舒适,1
国家博物馆,国家博物馆,其他,1,1,1,北京,08:30,16:30,8.0,97.3,舒适,1
喜茶,喜茶,其他,1,1,1,深圳,09:30,21:00,11.5,54.4,偏卷,0
嘀嗒,嘀嗒,互联网,1,1,1,北京,09:00,20:30,11.5,55.4,一般,1
嘉士伯中国,嘉士伯中国,外企,1,1,1,乌鲁木齐,10:00,19:00,9.0,89.2,舒适,0
嘉环科技,嘉环科技,互联网,1,1,1,南京,08:30,18:00,9.5,87.9,舒适,0
四三九九网络股份有限公司（厦门）,四三九九网络股份有限公司（厦门）,互联网,1,1,1,厦门,09:00,18:00,9.0,87.9,舒适,1
四大,四大,外企,1,1,1,某一线城,09:00,09:00,,,数据不足,1
国泰新点软件,国泰新点软件,其他,1,1,1,张家港,09:00,21:00,12.0,45.5,偏卷,1
国网信产,国网信产,其他,1,1,1,北京,08:30,16:30,8.0,97.3,舒适,1
四川路桥下属,四川路桥下属,其他,1,1,1,荒郊野岭,07:30,,,,数据不足,1
园林公司,园林公司,其他,1,1,1,东莞,08:00,18:00,10.0,83.4,良好,0
固安捷,固安捷,其他,1,1,1,上海,08:30,20:30,12.0,44.9,偏卷,1
国任保险,国任保险,金融,1,1,1,深圳,09:00,18:00,9.0,92.4,舒适,1
国企设计院,国企设计院,其他,1,1,1,南京,08:18,17:00,8.7,92.4,舒适,0
国企，其他金融机构,国企，其他金融机构,金融,1,1,1,,08:30,18:00,9.5,87.9,舒适,0
国保金泰,国保金泰,互联网,1,1,1,北京,09:00,17:30,8.5,95.5,舒适,0
北京合商云汇科技,北京合商云汇科技,互联网,1,1,1,北京,09:00,21:00,12.0,44.0,偏卷,0
北京国企,北京国企,其他,1,1,1,北京,09:00,17:30,8.5,95.5,舒适,1
北京国华众联／智选在线,北京国华众联／智选在线,互联网,1,1,1,北京,09:00,18:00,9.0,87.9,舒适,1
努比亚技术,努比亚技术,互联网,1,1,1,南京,08:30,20:30,12.0,50.9,偏卷,0
势成科技,势成科技,其他,1,1,1,杭州,09:30,18:30,9.0,91.4,舒适,0
北京万集科技,北京万集科技,其他,1,1,1,北京,08:30,18:00,9.5,87.9,舒适,1
北京三维天地,北京三维天地,互联网,1,1,1,武汉,08:00,,,,数据不足,1
创蓝云智,创蓝云智,互联网,1,1,1,上海,09:00,18:30,9.5,87.0,舒适,0
创酷互动,创酷互动,互联网,1,1,1,广州,09:00,20:00,11.0,54.8,偏卷,1
删除,删除,其他,1,1,1,删除,,,,,数据不足,1
利朗达,利朗达,互联网,1,1,1,深圳,09:00,09:00,,,数据不足,0
前海电商供应链管理,前海电商供应链管理,其他,1,1,1,深圳,09:00,18:00,9.0,92.4,舒适,0
前程无忧51JOB,前程无忧51JOB,互联网,1,1,1,上海,10:30,19:00,8.5,92.4,舒适,1
土流网,土流网,互联网,1,1,1,长沙,09:00,17:00,8.0,98.7,舒适,0
圣奥科技,圣奥科技,其他,1,1,1,杭州,08:00,17:30,9.5,86.6,舒适,1
圣戈班磨料磨具,圣戈班磨料磨具,其他,1,1,1,上海,08:30,17:30,9.0,91.0,舒适,0
国家发改委,国家发改委,其他,1,1,1,北京,08:00,20:00,12.0,51.8,偏卷,0
国家电投集团江西电力,国家电投集团江西电力,其他,1,1,1,,08:00,16:00,8.0,100.0,舒适,0
国家移民管理局出入境管理信息技术研究所,国家移民管理局出入境管理信息技术研究所,互联网,1,1,1,北京,09:00,17:00,8.0,98.7,舒适,1
国寿财险,国寿财险,金融,1,1,1,宁波,08:30,17:30,9.0,91.0,舒适,1
国有企业,国有企业,其他,1,1,1,南京,08:00,16:30,8.5,92.8,舒适,0
国有四大行,国有四大行,金融,1,1,1,北京,08:00,18:00,10.0,83.4,良好,0
国有银行,国有银行,金融,1,1,1,广州,,,,,数据不足,1
域起,域起,互联网,1,1,1,上海,,18:30,,,数据不足,0
基业百年管理咨询（猎头公司）,基业百年管理咨询（猎头公司）,其他,1,1,1,青岛,09:00,17:30,8.5,95.5,舒适,1
基准方中,基准方中,其他,1,1,1,重庆,09:00,18:00,9.0,92.4,舒适,0
墨库图文,墨库图文,其他,1,1,1,深圳,08:30,18:00,9.5,83.4,良好,0
国美,国美,互联网,1,1,1,北京,08:30,20:30,12.0,50.9,偏卷,1
国通星驿,国通星驿,互联网,1,1,1,福州,08:30,19:30,11.0,61.7,一般,1
国都期货,国都期货,金融,1,1,1,北京,07:30,17:00,9.5,86.6,舒适,1
图森未来,图森未来,互联网,1,1,1,北京,10:00,19:00,9.0,89.2,舒适,1
圆通科技,圆通科技,互联网,1,1,1,西安,09:00,18:00,9.0,92.4,舒适,1
圆通速递,圆通速递,互联网,1,1,1,上海,09:00,17:30,8.5,95.5,舒适,1
北京亿信华辰,北京亿信华辰,互联网,1,1,1,武汉,09:15,18:00,8.8,97.3,舒适,1
北京什么值得买科技,北京什么值得买科技,互联网,1,1,1,北京,,18:00,,,数据不足,1
北京偶数科技,北京偶数科技,互联网,1,1,1,北京,09:00,18:00,9.0,92.4,舒适,0
北京傲林科技,北京傲林科技,互联网,1,1,1,北京,,,,,数据不足,0
刀锋互娱,刀锋互娱,互联网,1,1,1,郑州,09:00,19:00,10.0,81.6,良好,1
创悦互娱,创悦互娱,其他,1,1,1,广州,09:00,21:30,12.5,44.6,偏卷,0
内蒙古伊利实业,内蒙古伊利实业,其他,1,1,1,北京,08:30,17:00,8.5,94.2,舒适,0
再出发,再出发,互联网,1,1,1,徐州,09:00,18:00,9.0,86.4,舒适,0
农业银行上海分行,农业银行上海分行,互联网,1,1,1,上海,08:00,17:00,9.0,85.2,舒适,1
农牧,农牧,其他,1,1,1,佛山,08:00,17:30,9.5,80.6,良好,0
农银金科,农银金科,金融,1,1,1,北京,08:30,19:00,10.5,67.1,一般,0
凌云光,凌云光,其他,1,1,1,北京,08:45,18:15,9.5,87.4,舒适,1
几何数字,几何数字,互联网,1,1,1,西安,09:00,18:00,9.0,92.4,舒适,0
多宝灵动,多宝灵动,互联网,1,1,1,北京,10:30,19:30,9.0,90.0,舒适,1
多浦乐电子,多浦乐电子,其他,1,1,1,广州,08:30,17:30,9.0,91.0,舒适,1
多点DMALL,多点DMALL,互联网,1,1,1,北京,09:30,19:00,9.5,86.1,舒适,0
多点Dmall,多点Dmall,其他,1,1,1,北京,09:00,18:30,9.5,87.0,舒适,1
地产,地产,其他,1,1,1,重庆,09:00,21:00,12.0,44.0,偏卷,0
地产开发商,地产开发商,其他,1,1,1,广州,09:00,18:00,9.0,86.4,舒适,0
均胜群英汽车系统,均胜群英汽车系统,其他,1,1,1,宁波,08:30,17:00,8.5,94.2,舒适,1
城云科技,城云科技,其他,1,1,1,杭州,09:00,18:00,9.0,92.4,舒适,0
城安物联科技,城安物联科技,互联网,1,1,1,广州,08:30,18:00,9.5,87.9,舒适,1
大族,大族,其他,1,1,1,深圳,08:30,18:00,9.5,87.9,舒适,0
大智慧,大智慧,金融,1,1,1,上海,08:30,17:30,9.0,91.0,舒适,1
壳木,壳木,互联网,1,1,1,北京,10:00,21:00,11.0,54.6,偏卷,0
壹永科技,壹永科技,互联网,1,1,1,北京,09:00,21:00,12.0,44.0,偏卷,1
壹药网/111,壹药网/111,互联网,1,1,1,上海,09:00,20:00,11.0,60.8,一般,0
复星健康,复星健康,互联网,1,1,1,上海,09:00,20:00,11.0,56.3,一般,0
夕尔,夕尔,互联网,1,1,1,杭州,09:00,22:00,13.0,39.2,很卷,1
外勤365,外勤365,互联网,1,1,1,南京,09:00,20:30,11.5,49.4,偏卷,1
外贸信托,外贸信托,金融,1,1,1,北京,08:30,18:30,10.0,82.5,良好,0
外资皮革新公司,外资皮革新公司,外企,1,1,1,广州,08:00,17:00,9.0,85.2,舒适,0
前程无忧51job,前程无忧51job,互联网,1,1,1,上海,09:30,18:30,9.0,91.4,舒适,0
剑心互娱,剑心互娱,互联网,1,1,1,珠海,09:30,21:00,11.5,54.4,偏卷,1
剧组,剧组,其他,1,1,1,不定,09:00,23:00,14.0,16.4,很卷,1
力合科技,力合科技,其他,1,1,1,,08:30,17:30,9.0,91.0,舒适,0
力方,力方,其他,1,1,1,成都,09:00,17:30,8.5,89.5,舒适,0
内蒙古仕奇,内蒙古仕奇,其他,1,1,1,呼和浩特,09:00,18:00,9.0,92.4,舒适,0
公职考试头部机构（原行业top1）,公职考试头部机构（原行业top1）,其他,1,1,1,北京,09:00,18:00,9.0,92.4,舒适,1
公路施工单位,公路施工单位,其他,1,1,1,,08:00,22:00,14.0,18.2,很卷,1
六间房,六间房,互联网,1,1,1,北京,09:30,20:00,10.5,65.2,一般,0
天健会计师事务所,天健会计师事务所,其他,1,1,1,杭州,09:00,22:00,13.0,34.7,很卷,1
天健会计师事务所上海分所,天健会计师事务所上海分所,其他,1,1,1,上海,09:30,18:00,8.5,90.8,舒适,0
天健会计师事务所（四川分所）,天健会计师事务所（四川分所）,其他,1,1,1,成都,09:00,22:00,13.0,33.2,很卷,0
天健会计师事务所（特殊普通合伙）四川分所,天健会计师事务所（特殊普通合伙）四川分所,金融,1,1,1,成都,09:00,22:00,13.0,33.2,很卷,1
天元建设,天元建设,其他,1,1,1,烟台,06:30,18:00,11.5,52.0,偏卷,0
多贝云,多贝云,互联网,1,1,1,北京,09:30,18:30,9.0,91.4,舒适,1
大众中国,大众中国,其他,1,1,1,北京,09:00,18:00,9.0,95.4,舒适,0
大信湖北分所,大信湖北分所,金融,1,1,1,武汉,09:30,17:00,7.5,97.2,舒适,0
大博医疗科技,大博医疗科技,其他,1,1,1,厦门,07:50,16:50,9.0,89.7,舒适,0
大唐电力,大唐电力,其他,1,1,1,哈尔滨,08:18,17:00,8.7,92.4,舒适,0
大地风景,大地风景,其他,1,1,1,北京,09:30,18:00,8.5,92.4,舒适,1
大宇无限,大宇无限,互联网,1,1,1,深圳,10:00,21:00,11.0,60.6,一般,0
大家好 我叫罗孝骏,大家好 我叫罗孝骏,其他,1,1,1,哈哈哈哈,,,,,数据不足,0
大蓝,大蓝,互联网,1,1,1,广州,09:40,18:30,8.8,92.7,舒适,1
大连新北方世纪,大连新北方世纪,互联网,1,1,1,大连,10:00,18:00,8.0,100.0,舒适,0
大连美森教育科技,大连美森教育科技,互联网,1,1,1,大连,08:30,18:00,9.5,87.9,舒适,0
大连象屿农产,大连象屿农产,其他,1,1,1,其他,08:00,17:30,9.5,74.6,良好,1
大道金服（上海）,大道金服（上海）,金融,1,1,1,上海,09:00,18:00,9.0,92.4,舒适,1
大金空调,大金空调,外企,1,1,1,上海,08:30,17:15,8.8,92.3,舒适,0
天上友嘉,天上友嘉,互联网,1,1,1,成都,10:00,18:30,8.5,94.6,舒适,1
凤凰网,凤凰网,互联网,1,1,1,北京,09:00,18:00,9.0,92.4,舒适,1
凯儿得乐（深圳）科技发展,凯儿得乐（深圳）科技发展,互联网,1,1,1,深圳,09:00,18:00,9.0,86.4,舒适,0
凯淳实业,凯淳实业,互联网,1,1,1,上海,10:00,19:00,9.0,89.2,舒适,1
凯誉塑胶模具,凯誉塑胶模具,其他,1,1,1,东莞,08:00,20:00,12.0,39.8,很卷,0
凯誉设计事务,凯誉设计事务,其他,1,1,1,广州,08:30,18:30,10.0,82.5,良好,0
全球行云汇,全球行云汇,互联网,1,1,1,上海,08:00,,,,数据不足,0
全芯智造,全芯智造,其他,1,1,1,合肥,09:00,18:00,9.0,92.4,舒适,1
八局二,八局二,其他,1,1,1,济南,08:00,17:18,9.3,81.8,良好,0
八方,八方,互联网,1,1,1,多地,09:00,18:00,9.0,92.4,舒适,0
太原旭航科技,太原旭航科技,互联网,1,1,1,太原,08:00,18:00,10.0,77.4,良好,1
太平洋保险,太平洋保险,金融,1,1,1,石家庄,08:30,19:00,10.5,61.1,一般,0
央企市政设计院,央企市政设计院,其他,1,1,1,,08:30,17:30,9.0,91.0,舒适,1
央企建筑工程公司,央企建筑工程公司,其他,1,1,1,异地,07:30,18:00,10.5,58.2,一般,0
天喻爱书人现代教育科技,天喻爱书人现代教育科技,互联网,1,1,1,济南,08:00,17:00,9.0,86.7,舒适,1
天图资本,天图资本,金融,1,1,1,上海,09:00,15:00,6.0,100.0,舒适,1
天天拍车,天天拍车,互联网,1,1,1,上海,09:18,18:18,9.0,91.8,舒适,0
天富勤科技,天富勤科技,互联网,1,1,1,北京,08:00,17:00,9.0,89.7,舒适,0
天津大宇宙信息创造,天津大宇宙信息创造,外企,1,1,1,天津,08:18,17:00,8.7,92.4,舒适,0
天津所托瑞安汽车科技,天津所托瑞安汽车科技,其他,1,1,1,天津,08:50,19:30,10.7,64.5,一般,0
天津瀚海蓝帆海洋科技,天津瀚海蓝帆海洋科技,其他,1,1,1,天津,08:30,17:30,9.0,79.0,良好,0
天津长城汽车金融,天津长城汽车金融,金融,1,1,1,天津,08:30,17:30,9.0,91.0,舒适,1
天海藏,天海藏,互联网,1,1,1,烟台,09:00,18:00,9.0,86.4,舒适,0
天游网络科技,天游网络科技,互联网,1,1,1,广州,09:30,18:30,9.0,91.4,舒适,1
天源迪科,天源迪科,其他,1,1,1,北京,10:00,18:30,8.5,94.6,舒适,1
大润发,大润发,互联网,1,1,1,武汉,09:00,18:00,9.0,92.4,舒适,0
元年科技,元年科技,其他,1,1,1,武汉,09:00,18:00,9.0,92.4,舒适,1
元游,元游,互联网,1,1,1,广州,09:30,21:00,11.5,54.4,偏卷,0
光典信息发展,光典信息发展,互联网,1,1,1,上海,09:15,23:00,13.8,18.3,很卷,0
光大银行,光大银行,金融,1,1,1,南昌,08:18,21:00,12.7,46.7,偏卷,0
兑吧,兑吧,互联网,1,1,1,杭州,09:00,21:00,12.0,50.0,偏卷,1
兖州同泰城建,兖州同泰城建,其他,1,1,1,山东兖州,08:00,18:00,10.0,77.4,良好,1
奥美,奥美,外企,1,1,1,广州,09:18,18:18,9.0,91.8,舒适,1
好好说话策划咨询,好好说话策划咨询,其他,1,1,1,珠海,09:30,21:30,12.0,44.6,偏卷,1
好家庭,好家庭,互联网,1,1,1,深圳,09:00,18:00,9.0,92.4,舒适,0
天翼电子商务,天翼电子商务,互联网,1,1,1,上海,08:30,18:30,10.0,82.5,良好,0
天职国际会计师事务所（江苏分所）,天职国际会计师事务所（江苏分所）,金融,1,1,1,南京,09:00,19:00,10.0,75.6,良好,0
天职国际会计师事务所（特殊普通合伙）上海分所,天职国际会计师事务所（特殊普通合伙）上海分所,金融,1,1,1,出差,09:00,22:00,13.0,27.2,很卷,0
天象文化,天象文化,互联网,1,1,1,厦门,08:30,18:30,10.0,78.0,良好,0
天际健康医疗科技,天际健康医疗科技,互联网,1,1,1,济南,09:00,17:30,8.5,95.5,舒适,0
天马微电子,天马微电子,其他,1,1,1,厦门,08:20,19:00,10.7,63.9,一般,0
天鹅到家,天鹅到家,其他,1,1,1,北京,10:00,19:00,9.0,89.2,舒适,0
学创教育科技,学创教育科技,互联网,1,1,1,武汉,09:00,18:00,9.0,92.4,舒适,0
学术出版社,学术出版社,外企,1,1,1,北京,10:00,18:00,8.0,100.0,舒适,1
学校,学校,其他,1,1,1,石家庄,09:00,10:00,1.0,100.0,舒适,1
央视,央视,其他,1,1,1,北京,10:00,10:00,,,数据不足,0
奇正藏药,奇正藏药,互联网,1,1,1,北京,08:00,17:00,9.0,89.7,舒适,1
奇瑞国际,奇瑞国际,其他,1,1,1,芜湖,08:00,16:00,8.0,96.0,舒适,1
奥克斯,奥克斯,其他,1,1,1,宁波,08:30,09:00,0.5,100.0,舒适,1
奥克斯家电,奥克斯家电,其他,1,1,1,宁波,08:30,18:00,9.5,87.9,舒适,0
奥普集成家居,奥普集成家居,其他,1,1,1,杭州,10:00,18:00,8.0,94.0,舒适,0
奥特斯,奥特斯,其他,1,1,1,重庆,08:00,16:45,8.8,91.0,舒适,0
兰州新区城市发展投资,兰州新区城市发展投资,其他,1,1,1,兰州,08:30,18:00,9.5,83.4,良好,1
兴业数金,兴业数金,金融,1,1,1,上海,09:00,17:30,8.5,95.5,舒适,1
兴业银行,兴业银行,互联网,1,1,1,上海,09:00,17:00,8.0,98.7,舒适,1
傲阳科技,傲阳科技,其他,1,1,1,,10:00,20:00,10.0,72.4,良好,0
元保数科,元保数科,互联网,1,1,1,北京,,,,,数据不足,0
元夏,元夏,互联网,1,1,1,厦门,09:00,18:30,9.5,87.0,舒适,0
妃鱼,妃鱼,其他,1,1,1,上海,13:30,23:30,10.0,58.2,一般,1
威努特,威努特,互联网,1,1,1,北京,09:30,10:30,1.0,100.0,舒适,1
威发系统,威发系统,互联网,1,1,1,上海,09:30,17:30,8.0,100.0,舒适,1
威尔士健身,威尔士健身,其他,1,1,1,上海,09:00,22:00,13.0,27.2,很卷,1
威马汽车科技,威马汽车科技,其他,1,1,1,成都,09:00,18:00,9.0,92.4,舒适,1
党政机关,党政机关,其他,1,1,1,深圳,09:00,18:00,9.0,92.4,舒适,0
全友家私,全友家私,其他,1,1,1,成都,09:00,17:27,8.4,90.1,舒适,0
全友家私销售,全友家私销售,其他,1,1,1,成都,08:52,17:45,8.9,88.1,舒适,1
全志科技,全志科技,其他,1,1,1,珠海,09:00,20:30,11.5,55.4,一般,1
全棉时代,全棉时代,其他,1,1,1,深圳,08:18,18:00,9.7,86.1,舒适,0
你大爷家公司,你大爷家公司,互联网,1,1,1,,09:30,18:30,9.0,85.4,舒适,0
佳格天地,佳格天地,互联网,1,1,1,南京,09:00,18:00,9.0,92.4,舒适,0
侠客汇,侠客汇,互联网,1,1,1,北京,10:30,22:30,12.0,44.6,偏卷,0
信也科技（拍拍贷）,信也科技（拍拍贷）,互联网,1,1,1,上海,10:30,20:00,9.5,81.6,良好,0
信永中和会计师事务所,信永中和会计师事务所,互联网,1,1,1,济南,09:00,18:00,9.0,92.4,舒适,1
信雅达科技,信雅达科技,互联网,1,1,1,杭州,09:00,18:00,9.0,92.4,舒适,0
传智教育,传智教育,其他,1,1,1,北京,09:00,18:30,9.5,87.0,舒适,0
传统销售转互联网中,传统销售转互联网中,互联网,1,1,1,深圳,,18:00,,,数据不足,1
安徽智搜科技,安徽智搜科技,其他,1,1,1,合肥,09:00,18:00,9.0,92.4,舒适,0
安徽生鲜传奇,安徽生鲜传奇,其他,1,1,1,上海,09:00,19:00,10.0,81.6,良好,1
安徽达尔智能控制系统,安徽达尔智能控制系统,互联网,1,1,1,合肥,08:30,,,,数据不足,0
宁波博威合金,宁波博威合金,其他,1,1,1,宁波,08:00,16:30,8.5,89.8,舒适,0
宁波基层公务员,宁波基层公务员,其他,1,1,1,宁波,08:30,16:45,8.2,96.1,舒适,1
宁波特克迈克机械,宁波特克迈克机械,外企,1,1,1,宁波,08:00,17:00,9.0,89.7,舒适,0
宁波舟山港,宁波舟山港,其他,1,1,1,宁波,06:30,17:30,11.0,67.1,一般,0
宁波通商银行,宁波通商银行,金融,1,1,1,宁波,08:30,18:30,10.0,82.5,良好,0
宁波银行,宁波银行,金融,1,1,1,宁波,08:30,17:30,9.0,91.0,舒适,1
宁畅信息产业,宁畅信息产业,互联网,1,1,1,天津,09:00,09:00,,,数据不足,1
宇信科技,宇信科技,互联网,1,1,1,郑州,09:00,21:00,12.0,45.5,偏卷,0
宇视,宇视,互联网,1,1,1,杭州,08:30,21:30,13.0,40.1,偏卷,1
好未来学而思网校,好未来学而思网校,互联网,1,1,1,北京,10:00,18:30,8.5,94.6,舒适,0
如祺出行,如祺出行,互联网,1,1,1,广州,09:30,09:30,,,数据不足,1
安吉租赁,安吉租赁,金融,1,1,1,上海,08:30,18:30,10.0,82.5,良好,1
安图生物,安图生物,其他,1,1,1,郑州,08:30,17:30,9.0,91.0,舒适,1
安居客,安居客,互联网,1,1,1,上海,10:00,20:00,10.0,78.4,良好,0
安徽七天网络科技,安徽七天网络科技,其他,1,1,1,合肥,08:30,18:00,9.5,87.9,舒适,1
安徽交控信息产业,安徽交控信息产业,互联网,1,1,1,合肥,09:00,17:00,8.0,98.7,舒适,1
安徽小红鼓,安徽小红鼓,互联网,1,1,1,合肥,09:00,18:00,9.0,87.9,舒适,0
安徽帕觅智能科技,安徽帕觅智能科技,其他,1,1,1,合肥,09:00,18:00,9.0,92.4,舒适,0
倍思,倍思,其他,1,1,1,深圳,09:00,18:00,9.0,87.9,舒适,0
健康之路,健康之路,互联网,1,1,1,,08:30,18:00,9.5,87.9,舒适,0
傲基科技,傲基科技,互联网,1,1,1,深圳,09:30,20:00,10.5,60.8,一般,0
优路教育,优路教育,互联网,1,1,1,郑州,09:00,18:30,9.5,81.0,良好,0
优音通信,优音通信,其他,1,1,1,西安,09:00,18:00,9.0,92.4,舒适,0
会展公司,会展公司,其他,1,1,1,西安,09:00,18:00,9.0,92.4,舒适,0
伟伟,伟伟,互联网,1,1,1,天津,08:18,17:18,9.0,90.5,舒适,0
伟创力,伟创力,其他,1,1,1,苏州,08:00,17:00,9.0,89.7,舒适,0
传易音乐,传易音乐,互联网,1,1,1,深圳,09:30,21:00,11.5,54.4,偏卷,0
宝龙,宝龙,其他,1,1,1,金华,09:00,20:00,11.0,60.8,一般,0
宝龙地产南京公司,宝龙地产南京公司,其他,1,1,1,南京,09:00,19:00,10.0,75.6,良好,1
家具公司（暂不方便填名字）,家具公司（暂不方便填名字）,外企,1,1,1,深圳,09:00,18:00,9.0,92.4,舒适,1
家得宝,家得宝,外企,1,1,1,深圳,08:30,17:30,9.0,94.0,舒适,1
安永会计师事务所,安永会计师事务所,其他,1,1,1,,09:30,18:00,8.5,96.8,舒适,1
安永华明会计师事务所(特殊普通合伙),安永华明会计师事务所(特殊普通合伙),外企,1,1,1,北京,10:00,13:00,3.0,100.0,舒适,1
安永华明会计师事务所上海分所 EY,安永华明会计师事务所上海分所 EY,外企,1,1,1,上海,09:30,12:00,2.5,100.0,舒适,0
安泰,安泰,其他,1,1,1,山西晋中介休,,,,,数据不足,1
安索帕,安索帕,外企,1,1,1,上海,11:30,22:00,10.5,56.2,一般,0
安谋科技（arm中国）,安谋科技（arm中国）,互联网,1,1,1,深圳,09:30,18:30,9.0,91.4,舒适,0
安踏,安踏,其他,1,1,1,成都,09:00,18:00,9.0,92.4,舒适,0
安钢软件,安钢软件,互联网,1,1,1,郑州,08:30,17:30,9.0,86.5,舒适,1
宏景智驾,宏景智驾,互联网,1,1,1,上海,09:00,18:00,9.0,92.4,舒适,0
宇通,宇通,其他,1,1,1,郑州,08:30,19:00,10.5,67.1,一般,0
安创生态（深圳）,安创生态（深圳）,其他,1,1,1,深圳,,,,,数据不足,1
安吉加加,安吉加加,互联网,1,1,1,上海,07:00,16:00,9.0,89.7,舒适,0
众安保险,众安保险,金融,1,1,1,上海,10:00,19:00,9.0,89.2,舒适,0
众安国际,众安国际,互联网,1,1,1,深圳,10:00,19:00,9.0,89.2,舒适,1
众家,众家,其他,1,1,1,广州,08:30,18:00,9.5,87.9,舒适,1
众格智能(上海),众格智能(上海),其他,1,1,1,上海,09:00,18:00,9.0,92.4,舒适,0
优剪,优剪,互联网,1,1,1,深圳,09:00,18:00,9.0,92.4,舒适,1
优居找房,优居找房,互联网,1,1,1,深圳,09:18,19:00,9.7,84.3,良好,1
寒武纪,寒武纪,互联网,1,1,1,上海,,,,,数据不足,0
寺库secoo,寺库secoo,互联网,1,1,1,北京,09:00,,,,数据不足,1
宏石激光,宏石激光,其他,1,1,1,佛山,08:00,20:00,12.0,48.8,偏卷,0
官立中學,官立中學,其他,1,1,1,香港,07:45,17:30,9.8,80.2,良好,1
宜宾五粮液,宜宾五粮液,其他,1,1,1,宜宾,08:30,17:30,9.0,91.0,舒适,0
宝云科技,宝云科技,互联网,1,1,1,上海,09:00,18:00,9.0,92.4,舒适,0
宝信软件,宝信软件,互联网,1,1,1,上海,08:00,17:00,9.0,89.7,舒适,1
宝兰德,宝兰德,互联网,1,1,1,南京,09:00,20:00,11.0,60.8,一般,0
宝冶,宝冶,其他,1,1,1,上海,08:00,17:30,9.5,82.1,良好,0
宝鸡中车时代工程机械,宝鸡中车时代工程机械,其他,1,1,1,宝鸡,08:00,18:00,10.0,83.4,良好,0
宸之路信息安全,宸之路信息安全,互联网,1,1,1,北京,09:00,17:30,8.5,91.0,舒适,1
容联七陌,容联七陌,互联网,1,1,1,北京,09:30,19:00,9.5,86.1,舒适,0
容诚会计师事务所,容诚会计师事务所,金融,1,1,1,杭州,09:00,17:30,8.5,91.0,舒适,0
宿迁市御景健康管理,宿迁市御景健康管理,互联网,1,1,1,沭阳,08:30,18:00,9.5,81.9,良好,0
富力地产,富力地产,其他,1,1,1,广州,08:30,18:00,9.5,87.9,舒适,1
富士康工业互联网,富士康工业互联网,互联网,1,1,1,深圳,08:00,19:00,11.0,56.6,一般,0
富德生命人寿,富德生命人寿,金融,1,1,1,重庆,08:12,17:00,8.8,79.5,良好,0
富智康精密,富智康精密,其他,1,1,1,北京,07:00,07:00,,,数据不足,0
伯恩光学,伯恩光学,其他,1,1,1,惠州,09:00,18:00,9.0,89.4,舒适,1
伯骐人才（技术猎头公司）,伯骐人才（技术猎头公司）,互联网,1,1,1,上海,09:30,18:00,8.5,99.8,舒适,1
佛山市大歪电子商务,佛山市大歪电子商务,互联网,1,1,1,佛山,09:00,18:00,9.0,86.4,舒适,0
佛山市海天调味食品,佛山市海天调味食品,其他,1,1,1,,08:00,18:00,10.0,77.4,良好,0
伊智科技,伊智科技,互联网,1,1,1,广州,08:30,18:30,10.0,76.5,良好,0
伊莱克斯商用机器,伊莱克斯商用机器,外企,1,1,1,上海,08:00,17:00,9.0,89.7,舒适,0
伊顿电气,伊顿电气,其他,1,1,1,苏州,09:00,17:00,8.0,98.7,舒适,1
伍尔特,伍尔特,外企,1,1,1,上海,08:30,17:10,8.7,92.9,舒适,0
仁新设备制造(四川),仁新设备制造(四川),其他,1,1,1,成都,08:00,17:00,9.0,83.7,良好,0
仲景食品,仲景食品,其他,1,1,1,郑州,08:30,17:45,9.2,85.3,舒适,0
任子行弘博数据,任子行弘博数据,互联网,1,1,1,深圳,09:00,18:00,9.0,92.4,舒适,1
企查查,企查查,互联网,1,1,1,苏州,09:00,20:00,11.0,60.8,一般,1
山东德州马力宙掏粪实业,山东德州马力宙掏粪实业,其他,1,1,1,德州,08:00,20:00,12.0,39.8,很卷,0
山东汉方制药,山东汉方制药,互联网,1,1,1,济南,08:30,17:00,8.5,94.2,舒适,1
小影视公司,小影视公司,其他,1,1,1,深圳,09:00,09:00,,,数据不足,1
小灿灿新媒体,小灿灿新媒体,互联网,1,1,1,南京,09:00,20:00,11.0,56.3,一般,1
小牛互娱,小牛互娱,互联网,1,1,1,上海,13:30,12:00,22.5,45.0,偏卷,1
小白测评,小白测评,互联网,1,1,1,武汉,08:30,18:30,10.0,76.5,良好,0
小私企,小私企,互联网,1,1,1,北京,09:00,18:00,9.0,92.4,舒适,1
小芒电商,小芒电商,互联网,1,1,1,长沙,09:00,22:00,13.0,34.7,很卷,1
小规模券商,小规模券商,金融,1,1,1,北京,08:18,17:18,9.0,90.5,舒适,0
小锤科技,小锤科技,互联网,1,1,1,广州,,18:00,,,数据不足,0
小锤科技服务,小锤科技服务,互联网,1,1,1,广州,,18:00,,,数据不足,0
小鹅通,小鹅通,互联网,1,1,1,深圳,10:00,21:00,11.0,57.6,一般,0
工商银行软件开发中心,工商银行软件开发中心,金融,1,1,1,北京,08:30,17:30,9.0,91.0,舒适,1
尔湾科技,尔湾科技,其他,1,1,1,北京,13:30,12:30,23.0,33.0,很卷,0
尚德,尚德,其他,1,1,1,北京,11:00,22:00,11.0,53.1,偏卷,1
尚德教育,尚德教育,其他,1,1,1,武汉,09:30,11:00,1.5,100.0,舒适,0
居然金融,居然金融,金融,1,1,1,北京,09:25,18:35,9.2,89.6,舒适,0
山东临沂仁和堂医药连锁,山东临沂仁和堂医药连锁,其他,1,1,1,临沂,08:00,17:00,9.0,89.7,舒适,1
山东国耀量子雷达科技,山东国耀量子雷达科技,其他,1,1,1,济南,09:00,17:30,8.5,95.5,舒适,0
优必选,优必选,互联网,1,1,1,深圳,10:00,21:00,11.0,57.6,一般,1
优然牧业,优然牧业,其他,1,1,1,,08:00,16:25,8.4,87.5,舒适,1
优特科技,优特科技,其他,1,1,1,珠海,08:30,17:30,9.0,91.0,舒适,1
优矩互动,优矩互动,互联网,1,1,1,北京,09:30,18:30,9.0,91.4,舒适,0
优行科技（曹操出行）,优行科技（曹操出行）,互联网,1,1,1,杭州,09:00,18:00,9.0,92.4,舒适,0
人保财险,人保财险,金融,1,1,1,杭州,08:30,17:30,9.0,86.5,舒适,1
人民财产保险公司,人民财产保险公司,金融,1,1,1,绵阳,08:00,,,,数据不足,1
亿智,亿智,互联网,1,1,1,珠海,09:00,09:00,,,数据不足,0
亿欧网盟,亿欧网盟,互联网,1,1,1,北京,09:00,18:00,9.0,92.4,舒适,0
常州博瑞电力自动化设备,常州博瑞电力自动化设备,其他,1,1,1,常州,08:00,20:30,12.5,43.4,偏卷,0
平湖技术,平湖技术,其他,1,1,1,嘉兴,07:35,16:50,9.2,88.4,舒适,1
山东电建,山东电建,其他,1,1,1,沙特阿拉伯,06:30,18:00,11.5,58.0,一般,1
山东省邮电工程,山东省邮电工程,其他,1,1,1,济南,08:10,17:30,9.3,88.3,舒适,1
山东诺码信信息技术,山东诺码信信息技术,互联网,1,1,1,济南,08:30,18:00,9.5,83.4,良好,1
山东龙韵,山东龙韵,互联网,1,1,1,烟台,08:30,17:30,9.0,88.0,舒适,1
山大,山大,其他,1,1,1,,08:30,17:30,9.0,91.0,舒适,0
山石网科,山石网科,其他,1,1,1,苏州,09:00,19:30,10.5,66.2,一般,1
山西中信造价咨询,山西中信造价咨询,其他,1,1,1,山西孝义,08:30,08:30,,,数据不足,0
企查查科技,企查查科技,互联网,1,1,1,苏州,09:18,20:18,11.0,63.2,一般,0
企鹅,企鹅,其他,1,1,1,成都,09:00,18:00,9.0,92.4,舒适,0
企鹅飞飞,企鹅飞飞,互联网,1,1,1,杭州,08:30,18:00,9.5,81.9,良好,0
交通银行数据中心,交通银行数据中心,金融,1,1,1,上海,09:00,17:00,8.0,94.2,舒适,1
山西宁武德盛煤业,山西宁武德盛煤业,其他,1,1,1,矿井下作业,06:00,16:30,10.5,58.2,一般,0
岚图汽车科技公司,岚图汽车科技公司,其他,1,1,1,武汉,08:30,17:30,9.0,91.0,舒适,1
工业互联网,工业互联网,互联网,1,1,1,广州,09:00,18:00,9.0,86.4,舒适,0
工银瑞信基金,工银瑞信基金,金融,1,1,1,北京,08:30,,,,数据不足,1
巨人网络,巨人网络,互联网,1,1,1,上海,10:00,19:00,9.0,89.2,舒适,1
巴九灵,巴九灵,其他,1,1,1,杭州,09:30,19:00,9.5,86.1,舒适,0
布洛克（北京）机械技术,布洛克（北京）机械技术,外企,1,1,1,北京,09:00,17:00,8.0,98.7,舒适,1
帆软,帆软,互联网,1,1,1,杭州,09:00,17:30,8.5,95.5,舒适,0
希尔顿酒店,希尔顿酒店,其他,1,1,1,,07:00,19:00,12.0,56.3,一般,1
常州制药厂,常州制药厂,其他,1,1,1,常州,08:00,17:30,9.5,80.6,良好,1
京煤总医院,京煤总医院,其他,1,1,1,北京,08:00,17:30,9.5,86.6,舒适,0
人保健康,人保健康,金融,1,1,1,北京,08:30,17:30,9.0,91.0,舒适,0
云南云财科技,云南云财科技,互联网,1,1,1,昆明,09:00,18:00,9.0,92.4,舒适,0
云南墨田观蓝,云南墨田观蓝,其他,1,1,1,昆明,09:00,,,,数据不足,0
云南工商学院,云南工商学院,其他,1,1,1,昆明,08:40,17:55,9.2,90.2,舒适,1
云南徕格,云南徕格,其他,1,1,1,昆明,09:00,18:00,9.0,92.4,舒适,1
云帐房网络科技,云帐房网络科技,互联网,1,1,1,南京,09:30,18:30,9.0,91.4,舒适,1
云徙,云徙,互联网,1,1,1,广州,09:00,23:00,14.0,22.4,很卷,1
云米科技,云米科技,其他,1,1,1,佛山,09:00,21:00,12.0,44.0,偏卷,0
二更网络科技,二更网络科技,互联网,1,1,1,杭州,09:00,18:00,9.0,92.4,舒适,0
广州XX文旅科技,广州XX文旅科技,其他,1,1,1,广州,10:30,18:00,7.5,100.0,舒适,1
广州乐欣母婴用品,广州乐欣母婴用品,其他,1,1,1,广州,,,,,数据不足,1
广州云智达创,广州云智达创,互联网,1,1,1,广州,09:30,18:30,9.0,91.4,舒适,0
幻萌网络,幻萌网络,互联网,1,1,1,上海,10:00,21:00,11.0,51.6,偏卷,0
广东中烟,广东中烟,其他,1,1,1,广州,08:30,17:00,8.5,94.2,舒适,0
广东亿迅科技,广东亿迅科技,其他,1,1,1,广州,08:18,17:00,8.7,92.4,舒适,1
广东佳米科技,广东佳米科技,互联网,1,1,1,珠海,09:00,18:00,9.0,92.4,舒适,0
广东光大,广东光大,其他,1,1,1,东莞,08:30,18:00,9.5,87.9,舒适,1
广东华隧建设,广东华隧建设,其他,1,1,1,广州,08:00,18:00,10.0,77.4,良好,0
广东卓维网络,广东卓维网络,其他,1,1,1,佛山,08:00,17:00,9.0,89.7,舒适,1
广东宏量环保厨房设备,广东宏量环保厨房设备,其他,1,1,1,东莞,08:30,18:00,9.5,87.9,舒适,0
广东思锐光学,广东思锐光学,其他,1,1,1,中山,08:15,18:00,9.8,85.3,舒适,0
广东泽诚科技,广东泽诚科技,互联网,1,1,1,广州,09:00,18:00,9.0,92.4,舒适,0
广东盛凡跨境供应链管理,广东盛凡跨境供应链管理,互联网,1,1,1,广州,09:00,18:00,9.0,92.4,舒适,0
工行,工行,金融,1,1,1,珠海,08:30,17:30,9.0,91.0,舒适,1
丹麦信雅纳网络,丹麦信雅纳网络,互联网,1,1,1,广州,09:00,18:00,9.0,92.4,舒适,1
广州地铁,广州地铁,其他,1,1,1,广州,08:30,18:00,9.5,87.9,舒适,1
广州城信所,广州城信所,互联网,1,1,1,广州,09:00,19:30,10.5,66.2,一般,1
广州大圣科技,广州大圣科技,互联网,1,1,1,广州,08:00,17:00,9.0,77.7,良好,1
广东省事业三类单位,广东省事业三类单位,其他,1,1,1,广州,09:00,17:30,8.5,83.5,良好,0
广东省建筑设计研究院,广东省建筑设计研究院,其他,1,1,1,广州,09:00,17:30,8.5,95.5,舒适,1
广东省贝恩施科技,广东省贝恩施科技,其他,1,1,1,深圳,09:00,18:30,9.5,87.0,舒适,1
广东邦普循环科技,广东邦普循环科技,其他,1,1,1,佛山,08:00,17:30,9.5,80.6,良好,1
广发基金,广发基金,金融,1,1,1,广州,,18:00,,,数据不足,0
广发证券,广发证券,金融,1,1,1,广州,08:27,17:00,8.6,93.4,舒适,0
互联网,互联网,互联网,1,1,1,北京,09:30,18:00,8.5,96.8,舒适,0
五八同城,五八同城,互联网,1,1,1,北京,10:00,21:00,11.0,57.6,一般,0
九州科技,九州科技,互联网,1,1,1,绵阳,08:30,17:30,9.0,85.0,舒适,1
九阳,九阳,其他,1,1,1,杭州,08:30,17:30,9.0,86.5,舒适,0
九阳小家电,九阳小家电,其他,1,1,1,杭州,08:30,17:30,9.0,91.0,舒适,1
乡镇小学,乡镇小学,其他,1,1,1,,08:00,18:00,10.0,83.4,良好,1
广州凯媒通讯技术,广州凯媒通讯技术,互联网,1,1,1,广州,09:00,18:00,9.0,92.4,舒适,0
广州博冠,广州博冠,互联网,1,1,1,广州,09:00,17:15,8.2,97.4,舒适,1
广州发展,广州发展,其他,1,1,1,广州,08:00,18:00,10.0,83.4,良好,1
广州四三九九,广州四三九九,互联网,1,1,1,广州,09:00,09:00,,,数据不足,1
广州四三九九网络科技,广州四三九九网络科技,互联网,1,1,1,广州,09:00,21:00,12.0,44.0,偏卷,1
广州图创计算机软件开发,广州图创计算机软件开发,互联网,1,1,1,广州,09:00,18:00,9.0,92.4,舒适,1
云上数联,云上数联,互联网,1,1,1,贵阳,09:00,18:00,9.0,92.4,舒适,1
云从,云从,互联网,1,1,1,重庆,10:00,19:00,9.0,89.2,舒适,1
云从科技,云从科技,互联网,1,1,1,上海,10:00,19:00,9.0,89.2,舒适,0
云仰科技,云仰科技,互联网,1,1,1,杭州,10:00,21:00,11.0,57.6,一般,0
云信达科技,云信达科技,互联网,1,1,1,南京,09:00,18:00,9.0,92.4,舒适,1
丰展电子,丰展电子,其他,1,1,1,东莞,09:00,18:00,9.0,89.4,舒适,0
丰巢,丰巢,其他,1,1,1,武汉,09:00,18:30,9.5,87.0,舒适,1
丰田,丰田,其他,1,1,1,青岛,08:00,17:18,9.3,75.8,良好,1
丹佛斯,丹佛斯,其他,1,1,1,,08:30,17:00,8.5,94.2,舒适,1
丹尼尔惠灵顿贸易公司,丹尼尔惠灵顿贸易公司,外企,1,1,1,深圳,09:00,18:00,9.0,92.4,舒适,1
中铁大桥局,中铁大桥局,其他,1,1,1,,07:45,23:00,15.2,6.5,很卷,1
中铁建设华中,中铁建设华中,其他,1,1,1,青岛,08:00,17:30,9.5,74.6,良好,0
中铁武汉电气化局,中铁武汉电气化局,其他,1,1,1,武汉,07:30,09:30,2.0,100.0,舒适,0
广州致盛信息科技有限公司-广州领宏科技,广州致盛信息科技有限公司-广州领宏科技,互联网,1,1,1,广州,09:00,18:30,9.5,87.0,舒适,0
广州荔枝网络,广州荔枝网络,互联网,1,1,1,广州,10:00,20:00,10.0,78.4,良好,0
广州实地,广州实地,其他,1,1,1,北京,09:00,18:00,9.0,92.4,舒适,1
"广州将至网络科技有限公司(下同)
优速科技(广州)","广州将至网络科技有限公司(下同)
优速科技(广州)",互联网,1,1,1,广州,09:30,21:00,11.5,48.4,偏卷,1
广州小迈,广州小迈,互联网,1,1,1,广州,09:30,19:00,9.5,86.1,舒适,0
广州峰和信息,广州峰和信息,互联网,1,1,1,广州,09:00,18:00,9.0,92.4,舒适,0
广州思林杰科技,广州思林杰科技,其他,1,1,1,广州,08:30,18:00,9.5,87.9,舒适,1
广州恒坤信息科技,广州恒坤信息科技,互联网,1,1,1,广州,09:30,18:30,9.0,91.4,舒适,0
广州数鼎,广州数鼎,互联网,1,1,1,广州,09:00,18:00,9.0,92.4,舒适,1
广州新东方,广州新东方,其他,1,1,1,广州,09:00,18:00,9.0,92.4,舒适,0
广州明动软件,广州明动软件,互联网,1,1,1,广州,08:45,18:15,9.5,87.4,舒适,1
广州朗昇网络科技,广州朗昇网络科技,互联网,1,1,1,广州,08:00,17:00,9.0,89.7,舒适,0
广州公路工程有限公司市政,广州公路工程有限公司市政,其他,1,1,1,广州,,,,,数据不足,1
广州未来一手网络,广州未来一手网络,互联网,1,1,1,广州,09:00,22:00,13.0,33.2,很卷,1
广州深海,广州深海,互联网,1,1,1,广州,09:00,18:30,9.5,87.0,舒适,0
广州渠道拓展信息科技有点公司,广州渠道拓展信息科技有点公司,其他,1,1,1,广州,09:00,18:00,9.0,87.9,舒适,1
广州盛成妈妈网,广州盛成妈妈网,互联网,1,1,1,广州,09:30,18:30,9.0,85.4,舒适,0
广州盛赫科技,广州盛赫科技,互联网,1,1,1,广州,09:18,21:00,11.7,52.7,偏卷,1
广州研游网络,广州研游网络,互联网,1,1,1,广州,10:00,21:00,11.0,51.6,偏卷,1
广州致景信息科技,广州致景信息科技,互联网,1,1,1,广州,09:00,18:30,9.5,87.0,舒适,1
乐元素,乐元素,互联网,1,1,1,北京,,18:00,,,数据不足,1
乐建,乐建,互联网,1,1,1,苏州,08:30,17:30,9.0,91.0,舒适,1
乐智互娱,乐智互娱,其他,1,1,1,北京,10:00,22:00,12.0,46.8,偏卷,1
乐游互娱,乐游互娱,互联网,1,1,1,成都,09:00,18:00,9.0,87.9,舒适,0
中铁二局,中铁二局,其他,1,1,1,成都,07:25,22:00,14.6,14.4,很卷,0
中铁五局,中铁五局,其他,1,1,1,广州,07:00,23:00,16.0,6.5,很卷,1
中铁六局集团广州工程,中铁六局集团广州工程,其他,1,1,1,广州,08:00,18:00,10.0,71.4,良好,0
中铁十九局,中铁十九局,其他,1,1,1,济南,07:25,18:00,10.6,57.6,一般,1
中铁四局,中铁四局,其他,1,1,1,全国,07:00,23:00,16.0,6.5,很卷,1
中铁一院,中铁一院,其他,1,1,1,西安,08:00,,,,数据不足,0
中铁三局集团华东建设,中铁三局集团华东建设,其他,1,1,1,南京,06:30,21:00,14.5,19.6,很卷,0
建信信托,建信信托,金融,1,1,1,广州,09:00,18:00,9.0,92.4,舒适,1
建信金科（建行）,建信金科（建行）,互联网,1,1,1,北京,09:00,18:00,9.0,92.4,舒适,1
建筑民企,建筑民企,其他,1,1,1,上海,08:30,17:00,8.5,88.2,舒适,1
建筑设计咨询公司,建筑设计咨询公司,其他,1,1,1,杭州,09:00,17:00,8.0,98.7,舒适,0
广州速游,广州速游,互联网,1,1,1,广州,09:00,20:30,11.5,55.4,一般,1
广州饿狼网络,广州饿狼网络,互联网,1,1,1,广州,09:30,20:00,10.5,65.2,一般,1
广州黑胡子游戏开发,广州黑胡子游戏开发,互联网,1,1,1,广州,09:30,21:00,11.5,50.0,偏卷,1
广汽研究院,广汽研究院,其他,1,1,1,广州,08:30,17:30,9.0,91.0,舒适,1
广电,广电,其他,1,1,1,成都,,,,,数据不足,0
广船国际,广船国际,其他,1,1,1,南沙龙穴岛,08:15,19:00,10.8,61.5,一般,1
广西华原过滤系统,广西华原过滤系统,其他,1,1,1,玉林,08:00,17:30,9.5,86.6,舒适,0
广西新厦工程咨询,广西新厦工程咨询,其他,1,1,1,南宁,08:30,18:00,9.5,87.9,舒适,1
广西梯度科技,广西梯度科技,其他,1,1,1,南宁,09:00,18:00,9.0,87.9,舒适,1
广西辰景文化传播公司,广西辰景文化传播公司,其他,1,1,1,南宁,09:00,18:00,9.0,87.9,舒适,0
得到app,得到app,其他,1,1,1,北京,10:00,,,,数据不足,1
广达,广达,外企,1,1,1,重庆,08:00,20:00,12.0,45.8,偏卷,1
庆图光电,庆图光电,互联网,1,1,1,重庆,09:00,18:00,9.0,92.4,舒适,0
序言泽,序言泽,其他,1,1,1,上海,09:30,20:00,10.5,65.2,一般,1
序言泽网络,序言泽网络,互联网,1,1,1,上海,09:00,18:00,9.0,92.4,舒适,1
库洛游戏,库洛游戏,互联网,1,1,1,广州,09:30,18:30,9.0,91.4,舒适,1
店匠科技,店匠科技,互联网,1,1,1,深圳,08:30,20:00,11.5,56.3,一般,0
度小满金融,度小满金融,互联网,1,1,1,北京,10:00,21:00,11.0,57.6,一般,0
康龙化成新药技术,康龙化成新药技术,外企,1,1,1,北京,08:30,18:30,10.0,82.5,良好,0
中集运载科技,中集运载科技,其他,1,1,1,深圳,08:30,22:00,13.5,28.7,很卷,1
中青宝,中青宝,互联网,1,1,1,深圳,09:00,18:18,9.3,89.1,舒适,0
中软国际科技服务,中软国际科技服务,互联网,1,1,1,长沙,08:00,18:00,10.0,83.4,良好,1
中通服创发科技,中通服创发科技,互联网,1,1,1,长沙,08:30,17:30,9.0,91.0,舒适,1
中通服咨询设计研究院,中通服咨询设计研究院,互联网,1,1,1,南京,08:00,17:00,9.0,89.7,舒适,0
中邮信息科技(北京),中邮信息科技(北京),其他,1,1,1,北京,08:30,17:30,9.0,91.0,舒适,0
中铁一局,中铁一局,其他,1,1,1,广西梧州,07:30,23:00,15.5,6.5,很卷,1
中移（苏州）软件技术,中移（苏州）软件技术,互联网,1,1,1,苏州,,,,,数据不足,0
中能建湖南院,中能建湖南院,其他,1,1,1,长沙,08:30,21:00,12.5,39.5,很卷,0
中航信,中航信,互联网,1,1,1,北京,09:30,17:30,8.0,100.0,舒适,1
中航光电,中航光电,其他,1,1,1,洛阳,08:27,09:18,0.8,100.0,舒适,1
中芯国际,中芯国际,其他,1,1,1,上海,08:30,17:30,9.0,91.0,舒适,1
微播易,微播易,互联网,1,1,1,上海,09:00,23:00,14.0,28.4,很卷,0
微梦传媒,微梦传媒,互联网,1,1,1,北京,10:00,10:00,,,数据不足,1
微脉,微脉,互联网,1,1,1,杭州,09:00,09:00,,,数据不足,0
建筑设计院,建筑设计院,其他,1,1,1,,10:00,12:00,2.0,100.0,舒适,0
建设银行,建设银行,金融,1,1,1,包邮区,08:30,20:00,11.5,56.3,一般,1
开心鼠,开心鼠,互联网,1,1,1,北京,11:00,13:00,2.0,100.0,舒适,0
引导美梦圆皇宫,引导美梦圆皇宫,互联网,1,1,1,深圳,09:15,18:15,9.0,91.9,舒适,1
张家口中交建设,张家口中交建设,其他,1,1,1,,08:00,18:00,10.0,83.4,良好,0
当当,当当,互联网,1,1,1,北京,10:00,10:00,,,数据不足,0
彦祖文化,彦祖文化,互联网,1,1,1,铜陵,09:00,18:00,9.0,86.4,舒适,1
彬彬教育,彬彬教育,其他,1,1,1,北京,09:30,18:30,9.0,85.4,舒适,1
微众,微众,互联网,1,1,1,深圳,,,,,数据不足,1
微客巴巴,微客巴巴,互联网,1,1,1,重庆,09:00,18:00,9.0,89.4,舒适,0
微容,微容,其他,1,1,1,深圳,09:00,17:00,8.0,98.7,舒适,0
微店,微店,互联网,1,1,1,杭州,10:00,18:30,8.5,94.6,舒适,0
中软国际,中软国际,互联网,1,1,1,杭州,09:00,18:00,9.0,92.4,舒适,1
中软国际信息服务,中软国际信息服务,互联网,1,1,1,深圳,,,,,数据不足,1
中科金审,中科金审,互联网,1,1,1,深圳,09:00,18:00,9.0,92.4,舒适,1
中科院数学院,中科院数学院,其他,1,1,1,北京,08:00,17:00,9.0,89.7,舒适,1
中科院空天所,中科院空天所,其他,1,1,1,苏州,08:18,17:18,9.0,90.5,舒适,1
中科院空天院,中科院空天院,其他,1,1,1,苏州,08:30,17:30,9.0,91.0,舒适,1
中铁三局集团第四工程,中铁三局集团第四工程,其他,1,1,1,北京,07:30,18:00,10.5,58.2,一般,1
中铁上海工程局城轨,中铁上海工程局城轨,其他,1,1,1,长春,07:30,17:30,10.0,71.4,良好,1
中铁上海设计院,中铁上海设计院,其他,1,1,1,上海,08:30,22:30,14.0,29.3,很卷,0
中铁上海设计院南京院,中铁上海设计院南京院,其他,1,1,1,南京,08:18,21:00,12.7,40.7,偏卷,0
中铁二十三局集团轨道交通工程,中铁二十三局集团轨道交通工程,其他,1,1,1,全国,07:30,22:30,15.0,9.6,很卷,1
中移在线客服,中移在线客服,互联网,1,1,1,郑州,09:00,21:00,12.0,44.0,偏卷,1
中电四,中电四,其他,1,1,1,合肥,07:00,17:30,10.5,64.2,一般,0
中电文思海辉,中电文思海辉,互联网,1,1,1,北京,09:00,18:00,9.0,92.4,舒适,1
中电莱斯信息,中电莱斯信息,互联网,1,1,1,南京,08:30,17:30,9.0,88.0,舒适,1
中电金信,中电金信,互联网,1,1,1,武汉,09:00,20:00,11.0,54.8,偏卷,0
恒大园林,恒大园林,其他,1,1,1,汕头,08:18,17:18,9.0,90.5,舒适,0
恒大高科技,恒大高科技,其他,1,1,1,深圳,08:30,20:30,12.0,50.9,偏卷,1
恒瑞医药,恒瑞医药,其他,1,1,1,连云港,09:00,17:00,8.0,98.7,舒适,1
微脉技术,微脉技术,互联网,1,1,1,杭州,09:00,17:00,8.0,100.0,舒适,1
微芯研究院,微芯研究院,互联网,1,1,1,北京,,21:00,,,数据不足,1
德勤GDC,德勤GDC,外企,1,1,1,重庆,09:00,17:30,8.5,98.5,舒适,0
德勤管理咨询,德勤管理咨询,外企,1,1,1,上海,09:00,21:00,12.0,50.0,偏卷,1
德尔,德尔,其他,1,1,1,苏州,08:45,17:45,9.0,91.7,舒适,1
德尔康尼骨科医院,德尔康尼骨科医院,其他,1,1,1,北京,08:00,17:00,9.0,89.7,舒适,0
德赛西威,德赛西威,其他,1,1,1,,07:00,09:00,2.0,100.0,舒适,0
心动,心动,互联网,1,1,1,上海,10:00,18:00,8.0,100.0,舒适,1
心源,心源,互联网,1,1,1,广州,09:00,,,,数据不足,1
惠州亿纬锂能,惠州亿纬锂能,其他,1,1,1,惠州,08:30,,,,数据不足,1
惠州科达利精密工业,惠州科达利精密工业,其他,1,1,1,深圳,08:00,20:00,12.0,45.8,偏卷,1
慈铭体检奥亚医院,慈铭体检奥亚医院,其他,1,1,1,北京,08:00,17:00,9.0,89.7,舒适,1
思必驰,思必驰,互联网,1,1,1,上海,09:30,18:30,9.0,91.4,舒适,0
思特沃克软件技术,思特沃克软件技术,互联网,1,1,1,北京,,,,,数据不足,0
思特沃克（Thoughtworks）,思特沃克（Thoughtworks）,外企,1,1,1,武汉,09:18,18:00,8.7,95.1,舒适,0
思谋科技,思谋科技,其他,1,1,1,北京,09:00,,,,数据不足,0
怪兽充电,怪兽充电,互联网,1,1,1,上海,10:00,20:00,10.0,78.4,良好,1
恒大,恒大,其他,1,1,1,广州,08:30,17:30,9.0,91.0,舒适,0
中科院苏州医工所,中科院苏州医工所,其他,1,1,1,苏州,09:00,17:00,8.0,98.7,舒适,1
中科院遥感所,中科院遥感所,互联网,1,1,1,北京,11:00,15:00,4.0,100.0,舒适,1
中泰证券,中泰证券,金融,1,1,1,上海,08:30,17:00,8.5,94.2,舒适,1
中海地产,中海地产,其他,1,1,1,株洲,09:00,22:00,13.0,33.2,很卷,0
中涛科技网络,中涛科技网络,其他,1,1,1,泉州,09:00,21:00,12.0,41.0,偏卷,1
中煤西安设计工程,中煤西安设计工程,其他,1,1,1,西安,08:30,22:00,13.5,34.7,很卷,1
中电二十八所（中电莱斯）,中电二十八所（中电莱斯）,其他,1,1,1,南京,08:30,20:30,12.0,44.9,偏卷,0
成都中医药大学附属医院,成都中医药大学附属医院,其他,1,1,1,成都,08:00,17:30,9.5,80.6,良好,1
成都乐曼多/先知者,成都乐曼多/先知者,互联网,1,1,1,成都,09:00,19:00,10.0,81.6,良好,0
成都佳发安泰教育科技,成都佳发安泰教育科技,其他,1,1,1,成都,09:00,17:30,8.5,95.5,舒适,1
成都创新风险投资,成都创新风险投资,金融,1,1,1,成都,09:00,17:00,8.0,98.7,舒适,1
成都华律网络服务,成都华律网络服务,互联网,1,1,1,成都,09:00,18:00,9.0,87.9,舒适,1
成都华西公用医疗信息服务,成都华西公用医疗信息服务,互联网,1,1,1,成都,08:30,18:00,9.5,87.9,舒适,0
成都品果科技,成都品果科技,互联网,1,1,1,成都,09:20,18:00,8.7,95.1,舒适,0
恒达文博,恒达文博,互联网,1,1,1,天津,08:30,17:30,9.0,91.0,舒适,0
恒银金融科技,恒银金融科技,金融,1,1,1,天津,08:30,17:30,9.0,85.0,舒适,1
恒隆通信,恒隆通信,其他,1,1,1,苏州,08:30,17:30,9.0,91.0,舒适,1
恩士迅,恩士迅,其他,1,1,1,杭州,09:00,18:00,9.0,92.4,舒适,0
悉之智能,悉之智能,互联网,1,1,1,北京,10:00,21:00,11.0,53.1,偏卷,1
悠星网络,悠星网络,互联网,1,1,1,上海,10:00,18:30,8.5,97.6,舒适,0
悦商,悦商,互联网,1,1,1,北京,09:00,18:30,9.5,82.5,良好,1
悦淘网络科技(北京),悦淘网络科技(北京),互联网,1,1,1,北京,09:00,18:30,9.5,81.0,良好,0
惟客数据,惟客数据,其他,1,1,1,广州,09:30,21:30,12.0,49.0,偏卷,0
中数通,中数通,其他,1,1,1,广州,09:15,18:15,9.0,91.9,舒适,0
中数通信息,中数通信息,互联网,1,1,1,广州,09:00,18:00,9.0,92.4,舒适,0
中文在线,中文在线,互联网,1,1,1,杭州,09:00,18:30,9.5,87.0,舒适,0
中新赛克（重庆研发中心）,中新赛克（重庆研发中心）,互联网,1,1,1,重庆,09:10,20:20,11.2,52.5,偏卷,0
成都欧软科技,成都欧软科技,互联网,1,1,1,成都,09:00,18:00,9.0,92.4,舒适,0
成都环宇知了科技,成都环宇知了科技,互联网,1,1,1,成都,09:00,20:30,11.5,50.9,偏卷,1
成都知藏云柚供应链管理,成都知藏云柚供应链管理,互联网,1,1,1,北京,09:30,20:00,10.5,60.8,一般,0
成都知识视觉科技,成都知识视觉科技,互联网,1,1,1,成都,09:00,18:18,9.3,89.1,舒适,0
成都筑川科技,成都筑川科技,互联网,1,1,1,成都,09:00,18:00,9.0,92.4,舒适,1
慕思,慕思,其他,1,1,1,东莞,08:00,18:00,10.0,80.4,良好,0
慕维影视,慕维影视,其他,1,1,1,芜湖,08:30,18:00,9.5,81.9,良好,1
慕课网,慕课网,其他,1,1,1,北京,09:00,18:00,9.0,92.4,舒适,0
慧咨,慧咨,外企,1,1,1,南京,08:30,17:30,9.0,100.0,舒适,1
慧算账北京科技,慧算账北京科技,其他,1,1,1,北京,09:30,18:30,9.0,91.4,舒适,1
成蹊科技,成蹊科技,互联网,1,1,1,上海,09:00,20:00,11.0,60.8,一般,0
成都万达国际电影城,成都万达国际电影城,其他,1,1,1,成都,09:00,17:30,8.5,91.0,舒适,1
技嘉,技嘉,其他,1,1,1,深圳,09:00,18:00,9.0,92.4,舒适,0
成都国卫信安,成都国卫信安,其他,1,1,1,成都,09:00,17:30,8.5,95.5,舒适,0
成都市勘察测绘研究院,成都市勘察测绘研究院,其他,1,1,1,成都,09:00,17:00,8.0,98.7,舒适,1
成都市维思凡科技,成都市维思凡科技,其他,1,1,1,成都,09:00,18:00,9.0,92.4,舒适,0
成都心田花开科技有点公司,成都心田花开科技有点公司,互联网,1,1,1,成都,10:00,20:30,10.5,63.0,一般,1
成都旺小宝科技,成都旺小宝科技,互联网,1,1,1,成都,08:00,18:00,10.0,83.4,良好,0
中磊电子,中磊电子,其他,1,1,1,苏州,09:30,20:00,10.5,65.2,一般,1
中禄财务,中禄财务,互联网,1,1,1,杭州,09:00,18:00,9.0,92.4,舒适,0
中科创达,中科创达,互联网,1,1,1,大连,09:30,22:00,12.5,37.7,很卷,0
中科星图,中科星图,互联网,1,1,1,西安,08:30,17:30,9.0,91.0,舒适,1
中建电子商务,中建电子商务,互联网,1,1,1,成都,09:30,19:00,9.5,100.0,舒适,1
中建科技集团华东,中建科技集团华东,其他,1,1,1,上海,,,,,数据不足,1
中建装饰,中建装饰,其他,1,1,1,天津,08:30,18:00,9.5,87.9,舒适,1
中建装饰子公司项目部,中建装饰子公司项目部,其他,1,1,1,无固定,08:30,,,,数据不足,1
中建西部建设,中建西部建设,其他,1,1,1,成都,08:30,17:30,9.0,86.5,舒适,1
中惠旅,中惠旅,其他,1,1,1,长沙,08:00,18:30,10.5,62.0,一般,0
中建三局北京公司,中建三局北京公司,其他,1,1,1,随项目变动,08:00,18:00,10.0,77.4,良好,1
中建三局华东公司,中建三局华东公司,其他,1,1,1,上海,06:00,06:00,,,数据不足,1
中建八局一公司,中建八局一公司,其他,1,1,1,广州,08:00,22:00,14.0,24.2,很卷,1
中建八局第一建设,中建八局第一建设,其他,1,1,1,深圳,08:00,18:00,10.0,77.4,良好,1
中建八局第二建设,中建八局第二建设,其他,1,1,1,北京,07:30,22:30,15.0,17.2,很卷,1
招行,招行,互联网,1,1,1,深圳,08:30,17:30,9.0,91.0,舒适,0
招银,招银,金融,1,1,1,深圳,08:30,20:30,12.0,50.9,偏卷,1
招银网络,招银网络,金融,1,1,1,杭州,08:30,17:30,9.0,94.0,舒适,1
成都薯片科技有限公司（原顶呱呱）,成都薯片科技有限公司（原顶呱呱）,互联网,1,1,1,成都,08:30,18:30,10.0,82.5,良好,1
成都谭鸭血分司,成都谭鸭血分司,其他,1,1,1,成都,09:30,18:30,9.0,91.4,舒适,0
成都长益西联软件,成都长益西联软件,互联网,1,1,1,成都,08:45,17:30,8.8,93.0,舒适,1
我行我数,我行我数,互联网,1,1,1,成都,09:00,,,,数据不足,1
戴姆勒,戴姆勒,外企,1,1,1,北京,09:30,18:00,8.5,96.8,舒适,0
戴尔,戴尔,互联网,1,1,1,上海,09:20,18:00,8.7,95.1,舒适,1
房地产咨询,房地产咨询,其他,1,1,1,,09:00,18:00,9.0,92.4,舒适,1
托普郎宁信息技术,托普郎宁信息技术,其他,1,1,1,北京,09:00,21:00,12.0,48.2,偏卷,1
中央组织部,中央组织部,其他,1,1,1,北京,08:00,18:00,10.0,83.4,良好,0
中字头央企,中字头央企,其他,1,1,1,深圳,08:30,09:30,1.0,100.0,舒适,1
中山格兰仕,中山格兰仕,其他,1,1,1,中山,09:00,19:00,10.0,75.6,良好,1
摩多,摩多,互联网,1,1,1,厦门,09:00,18:00,9.0,89.4,舒适,1
摩尔元素,摩尔元素,其他,1,1,1,福州,08:45,20:00,11.2,58.8,一般,0
摹客科技,摹客科技,互联网,1,1,1,成都,09:00,18:00,9.0,92.4,舒适,1
投光,投光,互联网,1,1,1,杭州,10:30,18:00,7.5,100.0,舒适,1
投光全书（杭州）科技,投光全书（杭州）科技,其他,1,1,1,杭州,10:30,18:15,7.8,100.0,舒适,1
拍拍贷,拍拍贷,金融,1,1,1,上海,10:00,19:00,9.0,89.2,舒适,1
招商局资本,招商局资本,金融,1,1,1,北京,09:00,18:00,9.0,87.9,舒适,0
中核,中核,其他,1,1,1,全国,08:00,18:00,10.0,71.4,良好,1
中核集团下属研究院,中核集团下属研究院,其他,1,1,1,北京,08:00,17:00,9.0,89.7,舒适,0
中水三局,中水三局,其他,1,1,1,,07:30,18:00,10.5,58.2,一般,1
中汇会计师事务所（特殊普通合伙）,中汇会计师事务所（特殊普通合伙）,其他,1,1,1,南京,,11:00,,,数据不足,0
中汽创智,中汽创智,其他,1,1,1,南京,08:30,18:00,9.5,87.9,舒适,1
中建七局,中建七局,其他,1,1,1,全国各地,07:30,21:00,13.5,25.8,很卷,1
指掌易,指掌易,互联网,1,1,1,北京,09:00,20:00,11.0,60.8,一般,0
振鑫电脑锣,振鑫电脑锣,其他,1,1,1,中山,08:00,08:00,,,数据不足,1
掌中云,掌中云,互联网,1,1,1,杭州,,,,,数据不足,0
掌门,掌门,其他,1,1,1,上海,09:30,18:30,9.0,87.0,舒适,1
探探,探探,其他,1,1,1,北京,10:10,20:00,9.8,79.7,良好,1
提莫,提莫,互联网,1,1,1,广州,09:30,10:30,1.0,100.0,舒适,0
中建八局西北公司,中建八局西北公司,其他,1,1,1,郊外,08:00,23:00,15.0,10.4,很卷,0
中建城市建设发展,中建城市建设发展,其他,1,1,1,天津,08:00,18:00,10.0,71.4,良好,1
中建安装南京公司,中建安装南京公司,其他,1,1,1,合肥,07:30,19:00,11.5,47.4,偏卷,1
中国银行广东省分行,中国银行广东省分行,金融,1,1,1,广州,08:18,17:18,9.0,90.5,舒适,0
中国银行软件中心 深圳,中国银行软件中心 深圳,互联网,1,1,1,深圳,08:18,17:00,8.7,95.4,舒适,1
中国银行（海外),中国银行（海外),金融,1,1,1,海外,08:45,19:10,10.4,67.6,一般,0
中型设计院,中型设计院,其他,1,1,1,,08:30,17:00,8.5,94.2,舒适,1
中垦供应链（农投旗下的3级公司）,中垦供应链（农投旗下的3级公司）,其他,1,1,1,重庆,09:00,17:30,8.5,95.5,舒适,1
中基建工防水装饰,中基建工防水装饰,其他,1,1,1,郑州,08:30,18:00,9.5,81.9,良好,1
中天西北建设集团投资,中天西北建设集团投资,其他,1,1,1,西安,07:30,19:00,11.5,47.4,偏卷,1
新代科技,新代科技,其他,1,1,1,苏州,09:00,18:00,9.0,92.4,舒适,1
新华医疗制药科技,新华医疗制药科技,其他,1,1,1,淄博,08:00,17:30,9.5,86.6,舒适,1
新华智云,新华智云,互联网,1,1,1,杭州,10:00,18:00,8.0,100.0,舒适,0
新华网,新华网,互联网,1,1,1,北京,08:30,18:00,9.5,87.9,舒适,1
擎朗智能,擎朗智能,其他,1,1,1,上海,,21:00,,,数据不足,0
政府机关,政府机关,其他,1,1,1,,,17:00,,,数据不足,0
政采云,政采云,互联网,1,1,1,杭州,09:30,20:30,11.0,59.8,一般,0
敏实,敏实,其他,1,1,1,嘉兴,07:20,17:00,9.7,85.3,舒适,0
教育,教育,其他,1,1,1,郑州,08:00,18:00,10.0,78.9,良好,0
散爆,散爆,其他,1,1,1,上海,10:00,19:00,9.0,89.2,舒适,1
数字XX,数字XX,互联网,1,1,1,南昌,09:00,15:18,6.3,100.0,舒适,0
数字政通,数字政通,互联网,1,1,1,武汉,08:00,17:00,9.0,89.7,舒适,0
数字浣熊,数字浣熊,互联网,1,1,1,北京,09:30,20:00,10.5,65.2,一般,1
数字货币,数字货币,互联网,1,1,1,成都,09:00,19:00,10.0,81.6,良好,0
数浙,数浙,互联网,1,1,1,杭州,09:30,18:00,8.5,96.8,舒适,1
拼读多,拼读多,其他,1,1,1,杭州,09:30,20:30,11.0,53.8,偏卷,0
中国航发商用发动机,中国航发商用发动机,其他,1,1,1,上海,08:30,17:30,9.0,91.0,舒适,0
中国节能,中国节能,其他,1,1,1,成都,09:00,17:00,8.0,98.7,舒适,0
中国融信地产公司河南区域,中国融信地产公司河南区域,其他,1,1,1,郑州,09:00,18:00,9.0,92.4,舒适,1
中国邮储银行,中国邮储银行,互联网,1,1,1,北京,09:00,20:30,11.5,49.4,偏卷,0
中国铁工投资建设集团城市建设,中国铁工投资建设集团城市建设,其他,1,1,1,北京,07:30,22:30,15.0,9.6,很卷,1
新星宇,新星宇,其他,1,1,1,长春,07:00,18:00,11.0,55.1,一般,0
新星宇工程建设,新星宇工程建设,其他,1,1,1,长春,,17:18,,,数据不足,1
新氧,新氧,互联网,1,1,1,北京,09:30,19:00,9.5,86.1,舒适,1
文思海辉,文思海辉,互联网,1,1,1,北京,09:00,18:00,9.0,92.4,舒适,1
文思海辉(大连),文思海辉(大连),其他,1,1,1,大连,09:00,18:00,9.0,92.4,舒适,0
文远知行,文远知行,互联网,1,1,1,广州,09:00,19:30,10.5,66.2,一般,1
文都教育,文都教育,其他,1,1,1,北京,09:00,18:00,9.0,92.4,舒适,0
斗半匠文化产业发展,斗半匠文化产业发展,其他,1,1,1,南昌,09:00,18:00,9.0,92.4,舒适,0
斯比泰,斯比泰,外企,1,1,1,深圳,08:00,17:00,9.0,92.7,舒适,1
新世界中国,新世界中国,其他,1,1,1,广州,09:00,18:30,9.5,87.0,舒适,1
新东方教育科技成都,新东方教育科技成都,其他,1,1,1,成都,09:00,18:00,9.0,86.4,舒适,0
施工央企（化建）,施工央企（化建）,其他,1,1,1,全国,07:00,17:30,10.5,58.2,一般,1
施强教育科技,施强教育科技,其他,1,1,1,杭州,09:00,21:00,12.0,50.0,偏卷,1
新合作商业管理有限公司,新合作商业管理有限公司,其他,1,1,1,重庆,08:18,17:18,9.0,78.5,良好,1
新城,新城,其他,1,1,1,上海,09:00,18:00,9.0,92.4,舒适,0
新城控股总部,新城控股总部,其他,1,1,1,上海,08:30,,,,数据不足,0
新奥阳光易采,新奥阳光易采,互联网,1,1,1,北京,09:00,18:00,9.0,92.4,舒适,1
新宙邦,新宙邦,其他,1,1,1,深圳,08:00,17:30,9.5,86.6,舒适,1
新希望乳业,新希望乳业,其他,1,1,1,成都,08:30,17:30,9.0,91.0,舒适,0
新希望动物营养科技,新希望动物营养科技,互联网,1,1,1,成都,09:00,20:00,11.0,60.8,一般,1
新日,新日,其他,1,1,1,天津,08:00,17:00,9.0,83.7,良好,1
中山证券,中山证券,金融,1,1,1,深圳,08:30,17:00,8.5,94.2,舒适,0
中广核,中广核,其他,1,1,1,东部省份,08:30,17:00,8.5,94.2,舒适,0
中建,中建,其他,1,1,1,拉萨,07:18,22:00,14.7,13.8,很卷,1
中建x局一公司,中建x局一公司,其他,1,1,1,杭州,07:30,22:00,14.5,15.0,很卷,1
中建一局,中建一局,其他,1,1,1,深圳,08:00,12:00,4.0,100.0,舒适,1
中国航发商发,中国航发商发,其他,1,1,1,上海,08:30,18:00,9.5,87.9,舒适,1
新疆胡杨线缆,新疆胡杨线缆,其他,1,1,1,,10:00,19:30,9.5,77.8,良好,1
新赛斯电子,新赛斯电子,其他,1,1,1,深圳,08:00,19:30,11.5,51.2,偏卷,0
新铝时代,新铝时代,其他,1,1,1,重庆,08:00,17:30,9.5,80.6,良好,1
新飞商贸,新飞商贸,其他,1,1,1,郑州,08:00,18:30,10.5,63.5,一般,0
方圆地产,方圆地产,其他,1,1,1,广州,08:30,17:30,9.0,91.0,舒适,1
方正投行,方正投行,互联网,1,1,1,长沙,08:00,,,,数据不足,0
方纬,方纬,其他,1,1,1,广州,09:00,18:30,9.5,87.0,舒适,0
中国铁建，中国铁工，中交，中建等央企建筑业,中国铁建，中国铁工，中交，中建等央企建筑业,其他,1,1,1,,08:00,17:00,9.0,92.7,舒适,1
中国铁设,中国铁设,其他,1,1,1,天津,08:30,23:30,15.0,14.0,很卷,1
中国电子系统,中国电子系统,互联网,1,1,1,南京,09:00,20:00,11.0,60.8,一般,0
中国电建中南院,中国电建中南院,其他,1,1,1,长沙,08:30,22:00,13.5,28.7,很卷,1
中国电建物业,中国电建物业,其他,1,1,1,总部,08:30,,,,数据不足,1
中国知网,中国知网,互联网,1,1,1,北京,08:30,17:30,9.0,94.0,舒适,1
中国科学院信息工程研究所,中国科学院信息工程研究所,其他,1,1,1,北京,09:00,09:00,,,数据不足,1
中国科学院化学研究所,中国科学院化学研究所,其他,1,1,1,北京,08:30,11:30,3.0,100.0,舒适,0
施南传媒,施南传媒,互联网,1,1,1,恩施,09:00,18:00,9.0,86.4,舒适,1
星动互娱,星动互娱,互联网,1,1,1,厦门,08:40,18:00,9.3,89.6,舒适,0
星展银行,星展银行,金融,1,1,1,上海,09:30,18:00,8.5,96.8,舒适,1
星巴克,星巴克,其他,1,1,1,上海,09:30,17:30,8.0,100.0,舒适,1
星毅进出口,星毅进出口,其他,1,1,1,宁波,09:00,17:00,8.0,98.7,舒适,0
星网天合（锐捷子公司）,星网天合（锐捷子公司）,其他,1,1,1,福州,09:00,18:30,9.5,87.0,舒适,1
无锡华通智能交通技术,无锡华通智能交通技术,其他,1,1,1,无锡,08:30,20:00,11.5,53.3,偏卷,1
无锡尚佰环球电子商务,无锡尚佰环球电子商务,其他,1,1,1,无锡,08:30,17:30,9.0,86.5,舒适,0
无限链接科技,无限链接科技,互联网,1,1,1,东莞,08:30,18:00,9.5,84.9,良好,1
早道网校,早道网校,互联网,1,1,1,大连,08:30,17:30,9.0,88.0,舒适,1
时代,时代,互联网,1,1,1,成都,09:00,18:00,9.0,92.4,舒适,1
时代嘉道,时代嘉道,互联网,1,1,1,上海,09:30,18:30,9.0,91.4,舒适,0
时时同云（成都）有限公司武汉,时时同云（成都）有限公司武汉,互联网,1,1,1,武汉,09:00,21:00,12.0,44.0,偏卷,0
昆仑万维,昆仑万维,其他,1,1,1,北京,10:00,21:30,11.5,46.2,偏卷,1
新瑞鹏,新瑞鹏,其他,1,1,1,深圳,08:30,18:00,9.5,83.4,良好,1
新生植发,新生植发,其他,1,1,1,南京,08:00,19:00,11.0,56.6,一般,1
新疆喀什地区政府部门,新疆喀什地区政府部门,其他,1,1,1,,11:00,19:00,8.0,83.5,良好,1
易流科技,易流科技,互联网,1,1,1,西安,08:00,18:00,10.0,83.4,良好,1
易联众,易联众,互联网,1,1,1,厦门,09:30,18:05,8.6,95.8,舒适,0
易赛诺（杭州）科技,易赛诺（杭州）科技,互联网,1,1,1,杭州,09:00,18:00,9.0,92.4,舒适,1
星云海数字科技,星云海数字科技,互联网,1,1,1,武汉,08:30,18:00,9.5,81.9,良好,0
中国联合网络通信有限公司广州市,中国联合网络通信有限公司广州市,互联网,1,1,1,广州,08:30,17:30,9.0,86.5,舒适,0
中国能建,中国能建,其他,1,1,1,天津,07:30,09:30,2.0,100.0,舒适,1
中国航信,中国航信,互联网,1,1,1,重庆,09:00,17:30,8.5,95.5,舒适,1
中国建筑第八工程局钢结构工程,中国建筑第八工程局钢结构工程,其他,1,1,1,天津,08:00,18:00,10.0,77.4,良好,1
中国建筑第八工程局青岛发展建设,中国建筑第八工程局青岛发展建设,其他,1,1,1,总公司青岛,08:00,,,,数据不足,1
中国建筑第四工程局,中国建筑第四工程局,其他,1,1,1,广州,07:30,18:00,10.5,64.2,一般,0
中国搜索,中国搜索,互联网,1,1,1,北京,08:00,09:00,1.0,100.0,舒适,1
中国有赞,中国有赞,互联网,1,1,1,杭州,09:30,18:00,8.5,96.8,舒适,1
中国核电,中国核电,其他,1,1,1,,07:20,18:00,10.7,69.0,一般,0
中国水利水电第五工程局,中国水利水电第五工程局,其他,1,1,1,重庆,08:00,09:00,1.0,100.0,舒适,1
中国测绘研究院地理信息技术中心,中国测绘研究院地理信息技术中心,其他,1,1,1,杭州,08:00,17:00,9.0,89.7,舒适,1
中国消防救援,中国消防救援,其他,1,1,1,东南沿海发达省份,00:00,00:00,,,数据不足,0
智维数科,智维数科,其他,1,1,1,长沙,09:30,18:30,9.0,91.4,舒适,0
智芯,智芯,其他,1,1,1,北京,08:30,17:30,9.0,91.0,舒适,1
曦恩网络科技,曦恩网络科技,互联网,1,1,1,广州,09:30,21:00,11.5,54.4,偏卷,1
曹操,曹操,互联网,1,1,1,杭州,09:30,18:30,9.0,91.4,舒适,0
曹操出行,曹操出行,其他,1,1,1,杭州,09:30,21:00,11.5,54.4,偏卷,1
星辉娱乐,星辉娱乐,互联网,1,1,1,广州,09:00,18:00,9.0,92.4,舒适,0
星辉游戏,星辉游戏,互联网,1,1,1,广州,09:30,18:30,9.0,91.4,舒适,1
晋江文旅,晋江文旅,其他,1,1,1,泉州,08:00,17:30,9.5,86.6,舒适,1
普华咨询,普华咨询,外企,1,1,1,上海,08:30,19:00,10.5,67.1,一般,1
普华永道中天会计师事务所（PwC）,普华永道中天会计师事务所（PwC）,其他,1,1,1,上海,09:30,10:30,1.0,100.0,舒适,1
普华永道信息技术,普华永道信息技术,互联网,1,1,1,上海,09:00,18:00,9.0,92.4,舒适,0
普华永道信息技术（上海）,普华永道信息技术（上海）,互联网,1,1,1,上海,10:00,18:00,8.0,100.0,舒适,1
景旺电子,景旺电子,其他,1,1,1,,08:00,21:30,13.5,29.6,很卷,1
明源云（云链）,明源云（云链）,其他,1,1,1,深圳,09:00,18:00,9.0,92.4,舒适,0
易佰网络,易佰网络,互联网,1,1,1,深圳,09:00,18:00,9.0,87.9,舒适,1
易帆互动,易帆互动,互联网,1,1,1,深圳,09:30,18:30,9.0,87.0,舒适,0
中国城市规划设计研究院,中国城市规划设计研究院,其他,1,1,1,北京,09:00,21:00,12.0,44.0,偏卷,1
中国外运华南,中国外运华南,其他,1,1,1,广州,08:18,17:18,9.0,90.5,舒适,1
中国外运四川,中国外运四川,其他,1,1,1,成都,09:00,17:00,8.0,98.7,舒适,1
中国太平洋保险,中国太平洋保险,金融,1,1,1,上海,09:00,17:00,8.0,98.7,舒适,0
未来电视,未来电视,互联网,1,1,1,天津,09:00,18:30,9.5,87.0,舒适,1
朴朴,朴朴,互联网,1,1,1,福州,09:00,20:00,11.0,56.3,一般,0
杏林,杏林,互联网,1,1,1,杭州,08:30,20:30,12.0,46.4,偏卷,1
材料科学姑苏实验室,材料科学姑苏实验室,其他,1,1,1,苏州,08:30,19:00,10.5,67.1,一般,0
村田制作所,村田制作所,外企,1,1,1,深圳,07:45,16:15,8.5,88.4,舒适,1
景瑞地产,景瑞地产,其他,1,1,1,武汉,08:30,17:30,9.0,85.0,舒适,1
景顺长城基金,景顺长城基金,金融,1,1,1,深圳,08:30,20:00,11.5,56.3,一般,0
晶晨半导体,晶晨半导体,其他,1,1,1,深圳,10:00,10:00,,,数据不足,0
智加科技,智加科技,互联网,1,1,1,苏州,10:00,18:00,8.0,100.0,舒适,1
智慧树,智慧树,互联网,1,1,1,上海,08:00,19:00,11.0,62.6,一般,0
智慧芽,智慧芽,互联网,1,1,1,苏州,09:30,18:00,8.5,96.8,舒适,1
智明星通/Elex,智明星通/Elex,互联网,1,1,1,北京,09:30,18:30,9.0,91.4,舒适,0
中国光大银行总行,中国光大银行总行,金融,1,1,1,北京,08:30,,,,数据不足,1
杭州大厦,杭州大厦,其他,1,1,1,杭州,09:00,17:30,8.5,95.5,舒适,0
杭州宋小菜,杭州宋小菜,互联网,1,1,1,杭州,09:30,19:00,9.5,86.1,舒适,0
曼秀雷敦,曼秀雷敦,外企,1,1,1,广州,10:00,18:00,8.0,100.0,舒适,0
有门互动,有门互动,其他,1,1,1,上海,11:00,17:00,6.0,100.0,舒适,0
朗冠广告公司,朗冠广告公司,其他,1,1,1,上海,10:15,18:30,8.2,96.5,舒适,0
朗坤智慧科技,朗坤智慧科技,互联网,1,1,1,南京,08:30,18:00,9.5,81.9,良好,0
望尘科技,望尘科技,互联网,1,1,1,深圳,09:00,18:00,9.0,92.4,舒适,0
木鸟民宿,木鸟民宿,其他,1,1,1,石家庄,08:50,18:30,9.7,85.3,舒适,1
中国燃气,中国燃气,其他,1,1,1,,08:00,18:00,10.0,83.4,良好,1
中国华电科工,中国华电科工,其他,1,1,1,北京,08:30,17:00,8.5,94.2,舒适,0
中国华能,中国华能,其他,1,1,1,北京,08:15,20:00,11.8,50.7,偏卷,0
中国四维,中国四维,其他,1,1,1,北京,08:15,17:30,9.2,89.1,舒适,0
中国四维测绘技术,中国四维测绘技术,其他,1,1,1,永丰,08:00,17:00,9.0,85.2,舒适,0
中国国际金融,中国国际金融,金融,1,1,1,北京,,,,,数据不足,0
中国城市建设研究院,中国城市建设研究院,其他,1,1,1,北京,09:30,17:00,7.5,100.0,舒适,1
杭州中赛实业,杭州中赛实业,其他,1,1,1,杭州,09:00,18:00,9.0,87.9,舒适,1
杭州中软安人网络通信,杭州中软安人网络通信,其他,1,1,1,杭州,08:30,17:30,9.0,91.0,舒适,1
杭州乒乓智慧技术,杭州乒乓智慧技术,互联网,1,1,1,杭州,09:30,20:30,11.0,59.8,一般,0
杭州优工品科技,杭州优工品科技,互联网,1,1,1,杭州,09:00,21:00,12.0,44.0,偏卷,0
杭州信驰紧固件,杭州信驰紧固件,其他,1,1,1,杭州,09:00,18:00,9.0,92.4,舒适,0
杭州兑吧,杭州兑吧,互联网,1,1,1,成都,09:30,20:30,11.0,59.8,一般,1
杭州六品文化创意,杭州六品文化创意,互联网,1,1,1,杭州,08:45,17:45,9.0,88.7,舒适,1
杭州华田科技,杭州华田科技,互联网,1,1,1,杭州,09:00,20:30,11.5,49.4,偏卷,0
杭州友华通信设计,杭州友华通信设计,其他,1,1,1,德州,08:00,18:00,10.0,80.4,良好,1
中国建筑一局,中国建筑一局,其他,1,1,1,济南,07:30,18:00,10.5,58.2,一般,0
中国建筑第二工程局,中国建筑第二工程局,其他,1,1,1,珠海,08:00,18:00,10.0,71.4,良好,1
中国建筑第八工程局,中国建筑第八工程局,其他,1,1,1,上海,08:00,17:30,9.5,80.6,良好,0
中国中铁,中国中铁,其他,1,1,1,全国工地,07:20,18:30,11.2,51.6,偏卷,0
中国二十冶,中国二十冶,其他,1,1,1,,08:00,21:00,13.0,29.0,很卷,1
中国人保,中国人保,金融,1,1,1,,08:30,21:00,12.5,41.0,偏卷,1
中国人寿研发中心,中国人寿研发中心,互联网,1,1,1,北京,09:00,17:00,8.0,98.7,舒适,0
中关村在线 ZOL,中关村在线 ZOL,互联网,1,1,1,北京,08:30,17:30,9.0,91.0,舒适,1
杭州百腾教育科技,杭州百腾教育科技,互联网,1,1,1,杭州,14:00,17:00,3.0,100.0,舒适,1
杭州益眼信息科技,杭州益眼信息科技,互联网,1,1,1,杭州,09:00,19:00,10.0,81.6,良好,0
杭州研一智控科技,杭州研一智控科技,互联网,1,1,1,杭州,08:30,20:00,11.5,56.3,一般,1
杭州秦晋餐饮管理,杭州秦晋餐饮管理,其他,1,1,1,杭州,09:00,22:00,13.0,33.2,很卷,0
杭州老板电器,杭州老板电器,其他,1,1,1,杭州,09:00,19:00,10.0,81.6,良好,1
杭州小鹿柯基网络科技,杭州小鹿柯基网络科技,互联网,1,1,1,杭州,10:00,18:00,8.0,88.0,舒适,0
杭州市规划设计研究院,杭州市规划设计研究院,其他,1,1,1,杭州,08:30,22:00,13.5,31.7,很卷,1
杭州广立微,杭州广立微,互联网,1,1,1,杭州,09:00,18:00,9.0,92.4,舒适,1
杭州房象科技,杭州房象科技,互联网,1,1,1,杭州,09:00,18:00,9.0,92.4,舒适,0
杭州推宝网络科技,杭州推宝网络科技,互联网,1,1,1,杭州,09:00,18:30,9.5,87.0,舒适,0
杭州昊美科技,杭州昊美科技,互联网,1,1,1,南京,09:00,18:00,9.0,92.4,舒适,0
杭州星狮达科技,杭州星狮达科技,互联网,1,1,1,杭州,09:00,18:00,9.0,87.9,舒适,1
杭州智云健康咨询管理,杭州智云健康咨询管理,互联网,1,1,1,杭州,10:00,21:00,11.0,57.6,一般,0
杭州每刻科技,杭州每刻科技,其他,1,1,1,杭州,09:00,21:00,12.0,50.0,偏卷,1
杭州每日互动网络科技,杭州每日互动网络科技,互联网,1,1,1,杭州,09:00,20:00,11.0,60.8,一般,0
杭州汇诚知识产权代理,杭州汇诚知识产权代理,其他,1,1,1,杭州,,,,,数据不足,0
杭州沃土教育科技,杭州沃土教育科技,互联网,1,1,1,杭州,09:00,18:00,9.0,92.4,舒适,0
杭州海兴电力,杭州海兴电力,其他,1,1,1,武汉,08:00,17:00,9.0,89.7,舒适,1
杭州涂鸦,杭州涂鸦,互联网,1,1,1,杭州,09:00,21:00,12.0,44.0,偏卷,0
杭州涂鸦科技,杭州涂鸦科技,互联网,1,1,1,杭州,09:30,20:00,10.5,65.2,一般,0
杭州滨江一兆韦德,杭州滨江一兆韦德,其他,1,1,1,杭州,10:00,22:00,12.0,58.8,一般,1
杭州火蝠电子商务,杭州火蝠电子商务,互联网,1,1,1,杭州,09:20,18:20,9.0,85.8,舒适,1
杭州灵鹭科技,杭州灵鹭科技,互联网,1,1,1,杭州,09:00,21:00,12.0,45.5,偏卷,1
杭州玉尊软件有限公司（游戏公国）,杭州玉尊软件有限公司（游戏公国）,其他,1,1,1,杭州,10:00,19:00,9.0,89.2,舒适,1
杭州电魂网络科技,杭州电魂网络科技,互联网,1,1,1,杭州,09:15,21:00,11.8,45.9,偏卷,0
中国农业银行研发中心,中国农业银行研发中心,互联网,1,1,1,天津,08:18,17:18,9.0,90.5,舒适,0
中国出口信用保险公司,中国出口信用保险公司,金融,1,1,1,北京,09:00,17:30,8.5,95.5,舒适,1
中国化学第三建设,中国化学第三建设,其他,1,1,1,合肥,07:00,18:00,11.0,55.1,一般,1
中国医学论坛报,中国医学论坛报,其他,1,1,1,北京,10:00,20:00,10.0,66.4,一般,1
中信消金,中信消金,互联网,1,1,1,北京,09:00,18:30,9.5,87.0,舒适,0
中信银行信用卡中信,中信银行信用卡中信,其他,1,1,1,深圳,09:00,17:30,8.5,92.5,舒适,1
柏楚电子,柏楚电子,互联网,1,1,1,上海,09:00,18:00,9.0,87.9,舒适,1
柳州联顺戴克雷汽车部件,柳州联顺戴克雷汽车部件,其他,1,1,1,柳州,08:30,17:30,9.0,100.0,舒适,1
标果工厂,标果工厂,互联网,1,1,1,成都,09:00,19:00,10.0,75.6,良好,1
株洲水务,株洲水务,其他,1,1,1,株洲,08:30,18:00,9.5,87.9,舒适,1
核桃编程,核桃编程,其他,1,1,1,北京,,07:00,,,数据不足,0
梦猷科技,梦猷科技,互联网,1,1,1,深圳,10:00,19:00,9.0,89.2,舒适,1
杭州袋虎 壹点灵,杭州袋虎 壹点灵,互联网,1,1,1,杭州,09:00,18:00,9.0,92.4,舒适,0
杭州金通互联科技,杭州金通互联科技,其他,1,1,1,杭州,09:00,18:00,9.0,92.4,舒适,0
杭州铭师堂,杭州铭师堂,其他,1,1,1,杭州,09:00,18:00,9.0,92.4,舒适,0
杭州雅顾科技,杭州雅顾科技,互联网,1,1,1,杭州,09:30,20:00,10.5,65.2,一般,0
杭州集航商贸服务,杭州集航商贸服务,互联网,1,1,1,杭州,08:18,17:18,9.0,90.5,舒适,0
杭州饱嗝电子商务,杭州饱嗝电子商务,其他,1,1,1,杭州,09:00,18:32,9.5,86.8,舒适,1
杭州高软科技,杭州高软科技,互联网,1,1,1,杭州,09:00,21:30,12.5,38.6,很卷,0
杭州鸿瀚科技,杭州鸿瀚科技,互联网,1,1,1,杭州,08:30,18:00,9.5,87.9,舒适,0
杭州龙骞科技,杭州龙骞科技,互联网,1,1,1,杭州,09:18,18:18,9.0,91.8,舒适,0
松果倾诉,松果倾诉,互联网,1,1,1,广州,09:00,18:30,9.5,87.0,舒适,1
中,中,金融,1,1,1,青岛,08:18,17:18,9.0,87.5,舒适,0
中交一公局第三,中交一公局第三,其他,1,1,1,重庆,08:00,23:30,15.5,4.2,很卷,1
中交二公院金思路科技,中交二公院金思路科技,互联网,1,1,1,武汉,08:30,20:00,11.5,50.3,偏卷,1
中交兴路,中交兴路,其他,1,1,1,北京,09:00,19:00,10.0,81.6,良好,0
中交第一航务工程局,中交第一航务工程局,其他,1,1,1,,08:00,22:00,14.0,18.2,很卷,0
中亿(深圳)科技信息,中亿(深圳)科技信息,其他,1,1,1,深圳,09:00,19:00,10.0,77.1,良好,0
正中珠江会计师事务所,正中珠江会计师事务所,其他,1,1,1,广州,09:00,22:00,13.0,27.2,很卷,1
正义网,正义网,其他,1,1,1,北京,08:30,17:00,8.5,94.2,舒适,1
正大,正大,外企,1,1,1,,09:00,19:30,10.5,60.2,一般,1
正大天晴药业,正大天晴药业,外企,1,1,1,连云港,09:00,18:00,9.0,86.4,舒适,0
松鼠Ai,松鼠Ai,互联网,1,1,1,上海,09:30,19:00,9.5,86.1,舒适,1
极兔科技公司-云路,极兔科技公司-云路,互联网,1,1,1,上海,09:00,18:00,9.0,92.4,舒适,1
极氪智能科技,极氪智能科技,互联网,1,1,1,杭州,09:00,18:00,9.0,92.4,舒适,1
极洲科技,极洲科技,金融,1,1,1,上海,09:30,22:00,12.5,37.7,很卷,0
极米科技,极米科技,其他,1,1,1,成都,10:00,21:32,11.5,50.6,偏卷,0
林氏木业,林氏木业,互联网,1,1,1,佛山,08:45,18:15,9.5,82.9,良好,1
武汉安邦致远科技,武汉安邦致远科技,互联网,1,1,1,武汉,09:00,18:00,9.0,86.4,舒适,1
棒谷,棒谷,互联网,1,1,1,广州,09:30,18:30,9.0,87.0,舒适,1
森途教育,森途教育,其他,1,1,1,北京,09:00,18:00,9.0,92.4,舒适,1
欢乐扬帆FunFumla,欢乐扬帆FunFumla,互联网,1,1,1,北京,10:30,22:00,11.5,50.0,偏卷,0
欢聚时代/YY,欢聚时代/YY,互联网,1,1,1,广州,09:30,21:00,11.5,54.4,偏卷,1
欧普拉（北京）技术,欧普拉（北京）技术,互联网,1,1,1,北京,10:00,19:00,9.0,84.7,良好,0
欧瑞博,欧瑞博,互联网,1,1,1,深圳,09:00,18:00,9.0,92.4,舒适,0
欧莱雅,欧莱雅,外企,1,1,1,上海,10:30,19:00,8.5,95.4,舒适,1
中南建筑设计院,中南建筑设计院,其他,1,1,1,武汉,08:45,18:00,9.2,90.4,舒适,0
中原地产,中原地产,互联网,1,1,1,上海,09:00,18:00,9.0,92.4,舒适,0
中国中化,中国中化,其他,1,1,1,上海,08:30,17:00,8.5,94.2,舒适,1
中国中车,中国中车,其他,1,1,1,长春,08:00,18:00,10.0,83.4,良好,0
东营市一中,东营市一中,其他,1,1,1,,06:05,22:00,15.9,11.0,很卷,1
东风柳州汽车,东风柳州汽车,其他,1,1,1,柳州,08:00,17:30,9.5,86.6,舒适,1
东风汽车,东风汽车,其他,1,1,1,武汉,08:30,17:30,9.0,85.0,舒适,1
东风设计研究院,东风设计研究院,其他,1,1,1,不好说,08:30,17:30,9.0,91.0,舒适,1
东方希望,东方希望,互联网,1,1,1,上海,08:00,08:00,,,数据不足,1
武汉领普科技,武汉领普科技,互联网,1,1,1,武汉,09:00,18:00,9.0,92.4,舒适,1
每天传媒,每天传媒,互联网,1,1,1,南京,09:00,,,,数据不足,1
正运动,正运动,其他,1,1,1,深圳,08:30,17:30,9.0,88.0,舒适,1
正部级政府部门,正部级政府部门,其他,1,1,1,北京,08:30,17:30,9.0,91.0,舒适,1
步步高商业连锁,步步高商业连锁,其他,1,1,1,长沙,09:00,17:30,8.5,95.5,舒适,1
武大吉奥信息技术,武大吉奥信息技术,互联网,1,1,1,广州,09:00,18:00,9.0,95.4,舒适,0
武汉中原电子,武汉中原电子,其他,1,1,1,武汉,08:30,17:00,8.5,94.2,舒适,1
武汉中科生态,武汉中科生态,其他,1,1,1,武汉,08:30,12:00,3.5,100.0,舒适,0
武汉公务员,武汉公务员,其他,1,1,1,武汉,08:30,18:00,9.5,90.9,舒适,1
武汉动游,武汉动游,互联网,1,1,1,武汉,,,,,数据不足,0
武汉华创北斗,武汉华创北斗,互联网,1,1,1,武汉,08:30,20:30,12.0,44.9,偏卷,0
武汉华罗利,武汉华罗利,其他,1,1,1,武汉,09:00,17:18,8.3,90.8,舒适,0
武汉嘉铠汽车销售服务,武汉嘉铠汽车销售服务,其他,1,1,1,武汉,08:30,20:00,11.5,44.3,偏卷,0
武汉噢易云计算,武汉噢易云计算,互联网,1,1,1,武汉,08:30,17:30,9.0,91.0,舒适,1
武汉天喻信息,武汉天喻信息,互联网,1,1,1,武汉,08:45,17:15,8.5,94.8,舒适,1
永达传媒,永达传媒,其他,1,1,1,南京,08:30,19:00,10.5,62.6,一般,1
汇博信息科技,汇博信息科技,互联网,1,1,1,重庆,09:05,18:00,8.9,93.2,舒适,1
武汉康凯依科技,武汉康凯依科技,互联网,1,1,1,武汉,08:18,17:18,9.0,90.5,舒适,0
武汉慧联无限科技,武汉慧联无限科技,其他,1,1,1,武汉,09:00,18:30,9.5,82.5,良好,1
武汉扶摇网络科技,武汉扶摇网络科技,互联网,1,1,1,武汉,09:00,18:00,9.0,86.4,舒适,0
武汉禾苗信息科技,武汉禾苗信息科技,其他,1,1,1,武汉,08:50,20:30,11.7,47.7,偏卷,1
武汉维宙信息技术,武汉维宙信息技术,其他,1,1,1,武汉,09:00,18:00,9.0,92.4,舒适,1
武汉良仓科技,武汉良仓科技,互联网,1,1,1,武汉,09:00,18:00,9.0,92.4,舒适,0
中保车服,中保车服,互联网,1,1,1,深圳,09:00,18:00,9.0,87.9,舒适,0
中信出版,中信出版,其他,1,1,1,北京,08:45,17:15,8.5,94.8,舒适,1
中信建投,中信建投,金融,1,1,1,北京,08:00,19:00,11.0,59.6,一般,1
中信建投证券,中信建投证券,金融,1,1,1,,08:18,17:18,9.0,90.5,舒适,1
世邦工业科技,世邦工业科技,其他,1,1,1,上海,09:00,17:18,8.3,96.8,舒适,0
东亚前海证券,东亚前海证券,金融,1,1,1,北京,08:30,23:00,14.5,11.9,很卷,0
东北凯亚,东北凯亚,其他,1,1,1,沈阳,08:30,17:00,8.5,94.2,舒适,0
东奥教育,东奥教育,互联网,1,1,1,北京,,18:00,,,数据不足,0
毕马威,毕马威,外企,1,1,1,广州,09:45,18:00,8.2,94.2,舒适,1
毕马威华振会计师事务所,毕马威华振会计师事务所,外企,1,1,1,上海,08:30,13:00,4.5,100.0,舒适,0
民生银行杭州分行,民生银行杭州分行,金融,1,1,1,杭州,08:30,18:00,9.5,87.9,舒适,1
水利科学研究院,水利科学研究院,互联网,1,1,1,合肥,09:00,17:00,8.0,98.7,舒适,0
永辉,永辉,其他,1,1,1,北京,10:00,19:30,9.5,83.8,良好,1
东方证券承销保荐有限公司（东方证券投行）,东方证券承销保荐有限公司（东方证券投行）,金融,1,1,1,上海,09:00,17:00,8.0,94.2,舒适,0
东方金信,东方金信,互联网,1,1,1,北京,09:00,19:00,10.0,81.6,良好,0
东睦科达磁电,东睦科达磁电,其他,1,1,1,湖州,08:00,17:00,9.0,89.7,舒适,1
东莞怡和达,东莞怡和达,其他,1,1,1,东莞,08:00,18:00,10.0,80.4,良好,0
上海链家,上海链家,互联网,1,1,1,上海,09:00,,,,数据不足,0
上海韩创,上海韩创,互联网,1,1,1,上海,09:30,18:30,9.0,91.4,舒适,0
上海骆氏油品,上海骆氏油品,其他,1,1,1,上海,08:00,17:00,9.0,89.7,舒适,1
不朽之王,不朽之王,互联网,1,1,1,北京,09:30,21:30,12.0,44.6,偏卷,1
不知名,不知名,互联网,1,1,1,上海,09:00,17:18,8.3,96.8,舒适,0
不鸣科技（杭州）,不鸣科技（杭州）,互联网,1,1,1,杭州,09:00,18:00,9.0,92.4,舒适,0
永辉科技部,永辉科技部,其他,1,1,1,上海,10:00,21:00,11.0,57.6,一般,1
江西天新药业,江西天新药业,其他,1,1,1,上海,08:30,17:30,9.0,85.0,舒适,0
江西省通讯终端产业技术研究院,江西省通讯终端产业技术研究院,互联网,1,1,1,吉安,08:30,22:00,13.5,28.7,很卷,1
江西高佳光电,江西高佳光电,其他,1,1,1,上饶,07:00,08:00,1.0,100.0,舒适,0
汉全科技（深圳）,汉全科技（深圳）,互联网,1,1,1,深圳,09:00,19:00,10.0,81.6,良好,0
汉得微扬,汉得微扬,其他,1,1,1,,09:00,20:00,11.0,63.8,一般,0
汉森伯盛,汉森伯盛,其他,1,1,1,广州,09:00,10:00,1.0,100.0,舒适,0
江娱互动,江娱互动,互联网,1,1,1,北京,09:40,19:00,9.3,87.3,舒适,1
江苏云待电子商务,江苏云待电子商务,互联网,1,1,1,苏州,08:00,17:30,9.5,80.6,良好,1
江苏图星软件,江苏图星软件,互联网,1,1,1,南京,09:00,18:00,9.0,92.4,舒适,1
江苏大艺科技,江苏大艺科技,其他,1,1,1,南通,08:00,17:00,9.0,85.2,舒适,0
江苏广电幸福蓝海,江苏广电幸福蓝海,其他,1,1,1,南京,09:00,17:00,8.0,98.7,舒适,1
江苏德福来汽车部件,江苏德福来汽车部件,其他,1,1,1,江苏泰兴,07:30,17:30,10.0,77.4,良好,1
江苏汉邦科技,江苏汉邦科技,互联网,1,1,1,淮安,08:30,17:30,9.0,85.0,舒适,1
江苏满运物流信息有限公司 （运满满）,江苏满运物流信息有限公司 （运满满）,互联网,1,1,1,南京,09:00,21:30,12.5,44.6,偏卷,1
江苏灵匠科技,江苏灵匠科技,互联网,1,1,1,徐州,09:00,18:00,9.0,87.9,舒适,1
比心,比心,互联网,1,1,1,上海,11:00,21:00,10.0,73.9,良好,0
河北华软,河北华软,互联网,1,1,1,,08:30,17:30,9.0,91.0,舒适,1
河南伟达电子,河南伟达电子,其他,1,1,1,郑州,09:00,18:00,9.0,86.4,舒适,1
河南农业大学,河南农业大学,其他,1,1,1,郑州,08:00,10:00,2.0,100.0,舒适,1
河南农购信息科技,河南农购信息科技,互联网,1,1,1,郑州,09:00,17:30,8.5,91.0,舒适,0
江苏盐城体制内教师,江苏盐城体制内教师,其他,1,1,1,盐城,07:00,17:00,10.0,80.4,良好,1
江苏省优联检测服务,江苏省优联检测服务,其他,1,1,1,苏州,08:00,17:00,9.0,89.7,舒适,1
江苏省农业科学院,江苏省农业科学院,其他,1,1,1,南京,08:30,18:00,9.5,87.9,舒适,0
江苏群立现代信息科技发展,江苏群立现代信息科技发展,互联网,1,1,1,南京,09:00,18:00,9.0,92.4,舒适,0
江苏翼企云通信科技,江苏翼企云通信科技,互联网,1,1,1,南京,09:00,18:00,9.0,92.4,舒适,0
江苏艾斯柯电子科技,江苏艾斯柯电子科技,其他,1,1,1,南京,08:30,17:30,9.0,91.0,舒适,0
江苏资产管理,江苏资产管理,金融,1,1,1,无锡,09:00,18:00,9.0,92.4,舒适,0
江苏雨润,江苏雨润,其他,1,1,1,南京,08:18,17:00,8.7,87.9,舒适,1
江苏飞腾电子-中胜,江苏飞腾电子-中胜,其他,1,1,1,南京,08:18,17:18,9.0,90.5,舒适,1
江融信,江融信,金融,1,1,1,北京,09:00,21:00,12.0,44.0,偏卷,1
江西出版,江西出版,其他,1,1,1,南昌,08:35,17:30,8.9,91.9,舒适,1
江西和壹科技,江西和壹科技,其他,1,1,1,南昌,08:30,20:30,12.0,44.9,偏卷,0
上海联影医疗,上海联影医疗,其他,1,1,1,上海,09:00,20:00,11.0,56.3,一般,0
上海联蔚科技,上海联蔚科技,其他,1,1,1,上海,09:30,19:00,9.5,86.1,舒适,1
上海若古信息科技,上海若古信息科技,互联网,1,1,1,上海,,06:00,,,数据不足,1
上海荷福,上海荷福,其他,1,1,1,上海,09:00,18:00,9.0,92.4,舒适,0
上海萌幻网络,上海萌幻网络,互联网,1,1,1,上海,10:00,21:00,11.0,51.6,偏卷,0
上海蚁城网络科技,上海蚁城网络科技,互联网,1,1,1,上海,09:00,20:00,11.0,60.8,一般,0
上海蝶普-金蝶软件,上海蝶普-金蝶软件,互联网,1,1,1,上海,09:00,18:00,9.0,92.4,舒适,0
波音中国,波音中国,外企,1,1,1,上海,09:00,18:00,9.0,92.4,舒适,1
泰康保险,泰康保险,金融,1,1,1,北京,08:00,08:00,,,数据不足,1
泰康在线,泰康在线,金融,1,1,1,北京,09:30,18:30,9.0,91.4,舒适,1
泰盟,泰盟,其他,1,1,1,成都,09:00,18:00,9.0,92.4,舒适,1
泰豪,泰豪,互联网,1,1,1,南昌,08:30,18:00,9.5,87.9,舒适,1
沐瞳,沐瞳,互联网,1,1,1,上海,10:00,19:00,9.0,89.2,舒适,0
沙盒网络（珠海）,沙盒网络（珠海）,其他,1,1,1,珠海,09:30,21:00,11.5,54.4,偏卷,1
沧溟,沧溟,互联网,1,1,1,杭州,10:00,21:30,11.5,52.2,偏卷,0
河北一家友好公司,河北一家友好公司,互联网,1,1,1,石家庄,08:30,19:00,10.5,61.1,一般,0
济南中维世纪,济南中维世纪,互联网,1,1,1,济南,09:00,18:00,9.0,92.4,舒适,1
济南显微外科医院,济南显微外科医院,其他,1,1,1,济南,08:00,17:00,9.0,83.7,良好,1
济南沧丰商贸,济南沧丰商贸,其他,1,1,1,济南,05:00,09:00,4.0,100.0,舒适,1
河南南阳国旅中达服务点,河南南阳国旅中达服务点,其他,1,1,1,南阳,08:30,18:30,10.0,76.5,良好,0
河南金森达科技,河南金森达科技,其他,1,1,1,郑州,08:00,18:00,10.0,77.4,良好,0
河姆渡实业发展,河姆渡实业发展,互联网,1,1,1,上海,08:30,19:30,11.0,61.7,一般,0
泉州闽光钢铁,泉州闽光钢铁,其他,1,1,1,泉州,07:30,18:00,10.5,64.2,一般,1
法大大,法大大,互联网,1,1,1,深圳,09:30,18:00,8.5,96.8,舒适,1
泛钛客,泛钛客,金融,1,1,1,北京,09:20,19:00,9.7,79.8,良好,0
泡游网络科技,泡游网络科技,互联网,1,1,1,没懂,09:18,18:00,8.7,95.1,舒适,0
世纪金源,世纪金源,互联网,1,1,1,北京,08:30,18:00,9.5,87.9,舒适,1
世纪龙,世纪龙,互联网,1,1,1,广州,08:30,18:30,10.0,82.5,良好,0
世联行,世联行,其他,1,1,1,深圳,09:00,18:00,9.0,92.4,舒适,0
世航未来（重庆）教育科技,世航未来（重庆）教育科技,互联网,1,1,1,重庆,09:05,18:00,8.9,88.7,舒适,0
世茂,世茂,其他,1,1,1,上海,09:00,21:00,12.0,50.0,偏卷,0
上海绿岸网络,上海绿岸网络,其他,1,1,1,上海,09:45,21:30,11.8,45.8,偏卷,0
上海百联,上海百联,其他,1,1,1,上海,09:30,22:00,12.5,52.6,偏卷,1
上海睿磐电子信息,上海睿磐电子信息,互联网,1,1,1,上海,09:18,18:00,8.7,95.1,舒适,1
上海穰川信息技术,上海穰川信息技术,互联网,1,1,1,上海,10:00,19:00,9.0,89.2,舒适,0
浙江完美在线网络科技,浙江完美在线网络科技,互联网,1,1,1,宁波,09:00,17:00,8.0,98.7,舒适,0
浙江志展智能科技,浙江志展智能科技,其他,1,1,1,杭州,08:00,17:00,9.0,83.7,良好,1
浙江惠瀜,浙江惠瀜,互联网,1,1,1,杭州,09:00,18:00,9.0,92.4,舒适,0
浙江数秦科技,浙江数秦科技,互联网,1,1,1,杭州,09:00,18:00,9.0,92.4,舒适,1
泽丰半导体,泽丰半导体,其他,1,1,1,上海,09:00,18:00,9.0,92.4,舒适,0
洋葱,洋葱,其他,1,1,1,深圳,10:00,19:00,9.0,84.7,良好,1
洋葱学园,洋葱学园,互联网,1,1,1,北京,10:15,19:00,8.8,90.5,舒适,0
洋葱工厂,洋葱工厂,互联网,1,1,1,东莞,09:00,18:00,9.0,86.4,舒适,0
洋钱罐,洋钱罐,互联网,1,1,1,北京,10:30,19:00,8.5,92.4,舒适,0
洛阳银行,洛阳银行,金融,1,1,1,洛阳,08:30,18:30,10.0,82.5,良好,1
洲际酒店,洲际酒店,外企,1,1,1,上海,08:30,18:30,10.0,82.5,良好,1
派出机构,派出机构,其他,1,1,1,广州,09:00,18:00,9.0,92.4,舒适,1
测试,测试,互联网,1,1,1,广州,09:30,18:30,9.0,91.4,舒适,0
浙大网新,浙大网新,互联网,1,1,1,杭州,09:00,17:00,8.0,98.7,舒适,0
浙大网新科技公司,浙大网新科技公司,互联网,1,1,1,济南,08:18,18:00,9.7,80.1,良好,0
浙江一鸣食品,浙江一鸣食品,其他,1,1,1,,05:00,,,,数据不足,0
浙江东蒙,浙江东蒙,其他,1,1,1,温州,08:00,17:30,9.5,80.6,良好,1
浙江中航通飞研究院,浙江中航通飞研究院,其他,1,1,1,浙江湖州德清,08:30,21:00,12.5,39.5,很卷,0
浙江云融金科,浙江云融金科,互联网,1,1,1,济南,08:00,08:00,,,数据不足,0
浙江修江实业,浙江修江实业,其他,1,1,1,浙江丽水青田,08:00,17:00,9.0,83.7,良好,0
浙江十勇士,浙江十勇士,互联网,1,1,1,杭州,09:18,21:00,11.7,46.7,偏卷,1
浙江大学,浙江大学,其他,1,1,1,杭州,09:30,17:00,7.5,100.0,舒适,0
浙江宇视科技,浙江宇视科技,互联网,1,1,1,杭州,09:00,20:30,11.5,58.4,一般,1
上海钢联电子商务,上海钢联电子商务,互联网,1,1,1,南昌,08:30,20:00,11.5,51.8,偏卷,0
上海钢银,上海钢银,互联网,1,1,1,上海,08:30,17:30,9.0,91.0,舒适,1
上海甄云信息科技,上海甄云信息科技,互联网,1,1,1,上海,08:30,18:30,10.0,82.5,良好,1
上海申新律师事务所,上海申新律师事务所,互联网,1,1,1,上海,09:00,18:00,9.0,92.4,舒适,0
上海电气风电,上海电气风电,其他,1,1,1,上海,08:15,16:45,8.5,93.5,舒适,0
上海疾创信息科技,上海疾创信息科技,互联网,1,1,1,上海,10:00,20:30,10.5,63.0,一般,1
上海浦东发展银行,上海浦东发展银行,金融,1,1,1,上海,09:30,20:30,11.0,59.8,一般,0
上海海昌隐形眼镜,上海海昌隐形眼镜,其他,1,1,1,上海,08:30,17:30,9.0,91.0,舒适,0
上海清算信息技术,上海清算信息技术,金融,1,1,1,上海,09:00,21:00,12.0,44.0,偏卷,0
浪潮数据,浪潮数据,其他,1,1,1,济南,08:30,20:30,12.0,50.9,偏卷,1
浪潮通信技术,浪潮通信技术,其他,1,1,1,西安,08:40,21:00,12.3,44.2,偏卷,1
浙江源创建筑智能,浙江源创建筑智能,互联网,1,1,1,杭州,08:18,20:00,11.7,50.0,偏卷,0
浙江甄优智能科技,浙江甄优智能科技,互联网,1,1,1,金华信息产业园,09:00,21:00,12.0,44.0,偏卷,1
浙江盛和,浙江盛和,互联网,1,1,1,杭州,09:00,18:00,9.0,92.4,舒适,0
浙江省信用联社/浙江农商信银,浙江省信用联社/浙江农商信银,互联网,1,1,1,杭州,08:18,17:00,8.7,92.4,舒适,1
浙江省农信信用社联合社,浙江省农信信用社联合社,金融,1,1,1,杭州,08:15,17:30,9.2,89.1,舒适,1
浙江神泰包装,浙江神泰包装,其他,1,1,1,嘉兴,09:00,21:00,12.0,45.5,偏卷,0
浙江绿城建筑设计有限公司厦门,浙江绿城建筑设计有限公司厦门,其他,1,1,1,厦门,09:00,10:18,1.3,100.0,舒适,1
浙江网新恒天,浙江网新恒天,互联网,1,1,1,上海,09:00,18:00,9.0,92.4,舒适,1
浙江舒活食品有限公司（一鸣奶吧）,浙江舒活食品有限公司（一鸣奶吧）,其他,1,1,1,江浙沪一代,05:00,14:00,9.0,83.7,良好,1
浙江苏泊尔,浙江苏泊尔,其他,1,1,1,杭州,08:30,17:30,9.0,91.0,舒适,0
浙江蒲惠智造科技,浙江蒲惠智造科技,互联网,1,1,1,杭州,08:30,18:00,9.5,84.9,良好,1
浙江诺诺网络科技,浙江诺诺网络科技,互联网,1,1,1,杭州,09:00,20:00,11.0,60.8,一般,0
浙江远图互联科技,浙江远图互联科技,其他,1,1,1,杭州,08:30,17:20,8.8,92.3,舒适,0
浙江韶夏投资管理,浙江韶夏投资管理,金融,1,1,1,杭州,09:00,22:00,13.0,39.2,很卷,0
浦发信用卡,浦发信用卡,互联网,1,1,1,上海,09:00,17:00,8.0,98.7,舒适,0
浦发银行,浦发银行,金融,1,1,1,青岛,08:18,19:00,10.7,62.3,一般,1
浦发银行总行信息科技部,浦发银行总行信息科技部,互联网,1,1,1,成都,09:00,18:00,9.0,92.4,舒适,0
浩鲸云计算科技,浩鲸云计算科技,互联网,1,1,1,南京,09:00,17:00,8.0,98.7,舒适,0
上海第十人民医院,上海第十人民医院,其他,1,1,1,上海,07:00,18:00,11.0,62.6,一般,0
上海红薯网络科技,上海红薯网络科技,互联网,1,1,1,上海,09:30,18:30,9.0,91.4,舒适,0
上海纳什信息科技,上海纳什信息科技,互联网,1,1,1,金华,09:00,,,,数据不足,1
上海综平科技,上海综平科技,其他,1,1,1,上海,09:00,17:30,8.5,95.5,舒适,1
上海欢乐互娱网络科技,上海欢乐互娱网络科技,互联网,1,1,1,上海,09:00,09:00,,,数据不足,0
上海水石建筑规划设计,上海水石建筑规划设计,其他,1,1,1,上海,09:00,,,,数据不足,0
上海汉得技术,上海汉得技术,互联网,1,1,1,上海,09:00,20:00,11.0,60.8,一般,0
上海沐瞳,上海沐瞳,互联网,1,1,1,上海,10:00,19:00,9.0,89.2,舒适,1
上海泽怡科技,上海泽怡科技,互联网,1,1,1,上海,10:00,19:00,9.0,89.2,舒适,0
上海新悦航运有限公司（日线货代,上海新悦航运有限公司（日线货代,其他,1,1,1,上海,09:00,09:00,,,数据不足,0
上海易恒健康,上海易恒健康,其他,1,1,1,上海,09:30,18:30,9.0,91.4,舒适,0
上海易校信息科技,上海易校信息科技,其他,1,1,1,上海,09:30,18:30,9.0,91.4,舒适,0
深华领筑科技,深华领筑科技,其他,1,1,1,深圳,09:00,18:00,9.0,92.4,舒适,1
深南电路,深南电路,其他,1,1,1,无锡,09:00,20:00,11.0,56.3,一般,0
深圳中电电力,深圳中电电力,互联网,1,1,1,武汉,08:00,20:00,12.0,54.8,偏卷,0
海信电子信息集团研发中心,海信电子信息集团研发中心,互联网,1,1,1,青岛,09:00,20:00,11.0,63.8,一般,0
海南来客宝科技,海南来客宝科技,其他,1,1,1,海口,09:00,22:00,13.0,33.2,很卷,1
海南流云科技,海南流云科技,其他,1,1,1,海口,09:10,18:20,9.2,90.1,舒适,1
海固科技,海固科技,其他,1,1,1,苏州,08:30,17:30,9.0,86.5,舒适,1
海尔智家,海尔,互联网,1,1,1,北京,09:30,19:00,9.5,86.1,舒适,1
海尚,海尚,其他,1,1,1,合肥,09:30,22:00,12.5,39.2,很卷,0
海底捞,海底捞,其他,1,1,1,北京,08:30,11:00,2.5,100.0,舒适,1
海思,海思,其他,1,1,1,深圳,09:00,17:30,8.5,91.0,舒适,0
海拓时代,海拓时代,互联网,1,1,1,深圳,09:30,21:00,11.5,48.4,偏卷,1
海淀区教委卫生保健所,海淀区教委卫生保健所,其他,1,1,1,北京,08:00,15:00,7.0,100.0,舒适,1
海联,海联,互联网,1,1,1,郑州,08:00,17:30,9.5,82.1,良好,0
海雀科技,海雀科技,互联网,1,1,1,深圳,09:00,18:00,9.0,92.4,舒适,0
海鹚科技,海鹚科技,互联网,1,1,1,长沙,09:00,18:00,9.0,92.4,舒适,1
润锦行,润锦行,其他,1,1,1,,08:18,18:00,9.7,80.1,良好,0
淘钉钉,淘钉钉,互联网,1,1,1,苏州,08:30,17:30,9.0,91.0,舒适,1
上海游族网络科技,上海游族网络科技,互联网,1,1,1,上海,10:00,11:00,1.0,100.0,舒适,0
上海漫方网络科技,上海漫方网络科技,互联网,1,1,1,上海,09:00,18:30,9.5,87.0,舒适,1
上海爱服生,上海爱服生,其他,1,1,1,上海,09:00,21:00,12.0,50.0,偏卷,0
上海环优文化发展,上海环优文化发展,其他,1,1,1,上海,09:00,20:40,11.7,47.4,偏卷,0
上海珍岛信息技术,上海珍岛信息技术,互联网,1,1,1,上海,09:00,18:30,9.5,87.0,舒适,0
上海工业控制安全创新科技,上海工业控制安全创新科技,互联网,1,1,1,上海,09:00,18:00,9.0,92.4,舒适,0
上海市级公务员,上海市级公务员,其他,1,1,1,上海,09:00,17:30,8.5,95.5,舒适,1
上海建工,上海建工,其他,1,1,1,工地,08:00,17:00,9.0,83.7,良好,1
上海微问家信息技术,上海微问家信息技术,其他,1,1,1,南通,08:45,18:45,10.0,82.0,良好,1
上海德成信息技术,上海德成信息技术,互联网,1,1,1,上海,09:00,18:00,9.0,92.4,舒适,1
上海拓璞数控科技,上海拓璞数控科技,其他,1,1,1,上海,08:30,17:30,9.0,91.0,舒适,0
深圳市冰川网络,深圳市冰川网络,互联网,1,1,1,深圳,09:00,18:30,9.5,87.0,舒适,1
深圳市凌雄租赁服务,深圳市凌雄租赁服务,其他,1,1,1,深圳,08:50,18:00,9.2,84.7,良好,1
深圳市凯文印刷,深圳市凯文印刷,其他,1,1,1,深圳,08:00,17:30,9.5,80.6,良好,0
深圳中软国际科技服务,深圳中软国际科技服务,金融,1,1,1,深圳,08:30,19:00,10.5,67.1,一般,0
深圳中青宝,深圳中青宝,互联网,1,1,1,深圳,09:00,18:30,9.5,87.0,舒适,1
深圳乐行天下科技,深圳乐行天下科技,其他,1,1,1,深圳,09:00,18:00,9.0,87.9,舒适,1
深圳云路信息科技,深圳云路信息科技,互联网,1,1,1,深圳,09:00,18:30,9.5,87.0,舒适,0
深圳依时货拉拉科技,深圳依时货拉拉科技,互联网,1,1,1,深圳,09:00,18:00,9.0,92.4,舒适,0
深圳减字科技,深圳减字科技,其他,1,1,1,深圳,09:00,18:30,9.5,87.0,舒适,1
深圳创世纪机械,深圳创世纪机械,其他,1,1,1,南昌,08:00,17:30,9.5,80.6,良好,1
深圳创梦科技,深圳创梦科技,互联网,1,1,1,深圳,09:30,21:00,11.5,54.4,偏卷,0
深圳华埔之星科技,深圳华埔之星科技,互联网,1,1,1,深圳,09:00,18:30,9.5,87.0,舒适,0
深圳华星光电半导体显示科技,深圳华星光电半导体显示科技,其他,1,1,1,深圳,08:00,20:00,12.0,45.8,偏卷,1
深圳南山安森美,深圳南山安森美,外企,1,1,1,深圳,,,,,数据不足,0
深圳南方德尔汽车电子,深圳南方德尔汽车电子,其他,1,1,1,深圳,08:30,17:30,9.0,91.0,舒适,1
深圳吉屋网络科技,深圳吉屋网络科技,互联网,1,1,1,深圳,09:00,18:00,9.0,92.4,舒适,1
深圳市奋达科技,深圳市奋达科技,其他,1,1,1,深圳,08:00,17:30,9.5,86.6,舒适,0
深圳市宝视佳科技,深圳市宝视佳科技,互联网,1,1,1,深圳,08:00,21:00,13.0,35.0,很卷,0
深圳市居众装饰设计工程有限公司东莞,深圳市居众装饰设计工程有限公司东莞,其他,1,1,1,东莞,09:30,21:00,11.5,48.4,偏卷,0
深圳市巨益科技开发,深圳市巨益科技开发,互联网,1,1,1,深圳,09:00,20:00,11.0,56.3,一般,0
深圳市广汇源环境水务,深圳市广汇源环境水务,其他,1,1,1,长沙,09:00,21:00,12.0,44.0,偏卷,1
深圳市广联智通科技,深圳市广联智通科技,其他,1,1,1,深圳,09:30,19:10,9.7,84.0,良好,1
深圳市快美妆科技,深圳市快美妆科技,其他,1,1,1,深圳,09:00,18:00,9.0,92.4,舒适,1
深圳地铁,深圳地铁,其他,1,1,1,深圳,09:00,18:00,9.0,92.4,舒适,0
深圳城市规划设计研究院,深圳城市规划设计研究院,其他,1,1,1,深圳,09:30,15:00,5.5,100.0,舒适,0
深圳天鲲网络科技,深圳天鲲网络科技,互联网,1,1,1,深圳,09:00,21:00,12.0,44.0,偏卷,1
深圳宏电,深圳宏电,互联网,1,1,1,深圳,08:30,19:00,10.5,65.6,一般,1
深圳尚游,深圳尚游,互联网,1,1,1,深圳,09:30,21:00,11.5,54.4,偏卷,0
深圳市云之梦科技,深圳市云之梦科技,其他,1,1,1,深圳,09:30,19:30,10.0,80.6,良好,0
深圳市云伽科技,深圳市云伽科技,其他,1,1,1,深圳,08:30,,,,数据不足,1
深圳市云歌人工智能,深圳市云歌人工智能,互联网,1,1,1,深圳,08:30,18:00,9.5,87.9,舒适,1
深圳市企企通科技,深圳市企企通科技,互联网,1,1,1,深圳,09:00,18:00,9.0,92.4,舒适,1
深圳市深汕特别合作区智慧城市研究院,深圳市深汕特别合作区智慧城市研究院,其他,1,1,1,深圳,09:00,,,,数据不足,1
深圳市玄羽科技,深圳市玄羽科技,互联网,1,1,1,深圳,09:00,18:00,9.0,92.4,舒适,1
深圳市登科云信息科技,深圳市登科云信息科技,其他,1,1,1,深圳,09:00,23:00,14.0,28.4,很卷,1
深圳市益欣网络科技,深圳市益欣网络科技,互联网,1,1,1,深圳,09:30,18:30,9.0,87.0,舒适,1
深圳市盐田区实验学校,深圳市盐田区实验学校,其他,1,1,1,深圳,07:00,20:30,13.5,40.1,偏卷,0
深圳市联软科技,深圳市联软科技,互联网,1,1,1,上海,08:30,17:30,9.0,91.0,舒适,1
深圳市诚安软通科技公司,深圳市诚安软通科技公司,互联网,1,1,1,深圳,09:00,18:00,9.0,92.4,舒适,1
深圳市迈科龙电子,深圳市迈科龙电子,互联网,1,1,1,深圳,08:30,18:00,9.5,87.9,舒适,1
深圳市酷开网络科技,深圳市酷开网络科技,互联网,1,1,1,深圳,10:00,20:00,10.0,78.4,良好,0
深圳市零成本科技,深圳市零成本科技,其他,1,1,1,深圳,09:15,17:35,8.3,92.9,舒适,0
深圳市吉玛仕贸易,深圳市吉玛仕贸易,互联网,1,1,1,东莞,08:25,18:00,9.6,81.0,良好,0
深圳市嘉悦文化传媒,深圳市嘉悦文化传媒,互联网,1,1,1,深圳,10:00,19:00,9.0,89.2,舒适,1
深圳市四格互联信息技术,深圳市四格互联信息技术,互联网,1,1,1,深圳,,,,,数据不足,0
深圳市国富黄金,深圳市国富黄金,其他,1,1,1,深圳,09:00,18:30,9.5,87.0,舒适,1
深圳市城市交通规划设计研究中心,深圳市城市交通规划设计研究中心,其他,1,1,1,深圳,09:15,18:00,8.8,94.3,舒适,0
深圳市大梦龙途文化传播,深圳市大梦龙途文化传播,互联网,1,1,1,深圳,09:30,21:00,11.5,54.4,偏卷,0
上海圣天信息技术,上海圣天信息技术,互联网,1,1,1,上海,10:00,14:00,4.0,100.0,舒适,0
上海圣添科技,上海圣添科技,互联网,1,1,1,上海,10:00,14:00,4.0,100.0,舒适,0
上海地产,上海地产,其他,1,1,1,上海,09:00,17:30,8.5,95.5,舒适,1
上海地产（集团）,上海地产（集团）,其他,1,1,1,上海,08:30,20:30,12.0,44.9,偏卷,0
上海域起网络科技,上海域起网络科技,其他,1,1,1,上海,09:30,19:00,9.5,86.1,舒适,0
上海复医天健医疗服务产业,上海复医天健医疗服务产业,互联网,1,1,1,上海,09:00,18:00,9.0,92.4,舒适,0
上海多盟睿达有限公司（蓝标传媒旗下）,上海多盟睿达有限公司（蓝标传媒旗下）,互联网,1,1,1,上海,10:00,19:00,9.0,89.2,舒适,1
上海大岂网络科技,上海大岂网络科技,互联网,1,1,1,上海,09:00,18:00,9.0,92.4,舒适,0
深圳机场,深圳机场,其他,1,1,1,深圳,08:30,17:00,8.5,94.2,舒适,1
深圳来电科技,深圳来电科技,其他,1,1,1,深圳,09:40,19:00,9.3,87.3,舒适,0
深圳极视角,深圳极视角,互联网,1,1,1,深圳,09:00,18:30,9.5,87.0,舒适,0
深圳市普博医疗科技,深圳市普博医疗科技,其他,1,1,1,深圳,09:00,18:00,9.0,92.4,舒适,1
深圳市智造谷工业互联网创新中心,深圳市智造谷工业互联网创新中心,其他,1,1,1,深圳,08:00,17:20,9.3,81.8,良好,0
深圳市朋沃科技,深圳市朋沃科技,互联网,1,1,1,深圳,09:30,18:00,8.5,84.8,良好,0
深圳市欣旺达电子,深圳市欣旺达电子,其他,1,1,1,深圳,,,,,数据不足,1
深圳市汇芯线路科技,深圳市汇芯线路科技,其他,1,1,1,深圳,09:00,20:00,11.0,57.8,一般,0
深圳市马六甲科技,深圳市马六甲科技,互联网,1,1,1,深圳,09:00,19:00,10.0,77.1,良好,1
深圳市龙华排水,深圳市龙华排水,其他,1,1,1,深圳,09:30,18:00,8.5,96.8,舒适,1
深圳彰显品牌公司,深圳彰显品牌公司,金融,1,1,1,深圳,09:00,18:30,9.5,87.0,舒适,0
深圳微品致远,深圳微品致远,互联网,1,1,1,深圳,09:00,23:00,14.0,16.4,很卷,1
深圳找大状法务科技有限公司郑州,深圳找大状法务科技有限公司郑州,互联网,1,1,1,郑州,09:00,19:30,10.5,61.7,一般,1
深圳排队网络技术,深圳排队网络技术,互联网,1,1,1,深圳,09:00,21:30,12.5,56.6,一般,0
深圳数研院,深圳数研院,互联网,1,1,1,广州,08:18,17:00,8.7,92.4,舒适,0
深圳数鑫科技,深圳数鑫科技,互联网,1,1,1,深圳,09:30,18:30,9.0,91.4,舒适,0
深圳数马电子技术,深圳数马电子技术,其他,1,1,1,深圳,09:00,18:00,9.0,92.4,舒适,0
上海晟合坤,上海晟合坤,互联网,1,1,1,上海,09:00,21:00,12.0,50.0,偏卷,1
上海晨光科力普办公用品,上海晨光科力普办公用品,其他,1,1,1,上海,09:00,18:00,9.0,92.4,舒适,1
上海晨昕文化传媒,上海晨昕文化传媒,互联网,1,1,1,上海,09:00,18:30,9.5,82.5,良好,1
上海柏熙标识,上海柏熙标识,其他,1,1,1,上海,09:30,18:00,8.5,96.8,舒适,1
上海商涌,上海商涌,互联网,1,1,1,上海,09:00,18:00,9.0,92.4,舒适,1
上海喔趣科技,上海喔趣科技,互联网,1,1,1,上海,09:00,20:00,11.0,60.8,一般,0
上海喜马拉雅科技,上海喜马拉雅科技,互联网,1,1,1,上海,09:00,20:30,11.5,55.4,一般,0
混沌学园,混沌学园,互联网,1,1,1,北京,10:30,19:00,8.5,92.4,舒适,1
清科创业,清科创业,金融,1,1,1,北京,09:30,18:00,8.5,96.8,舒适,0
渣打中国,渣打中国,金融,1,1,1,深圳,09:15,19:00,9.8,83.5,良好,1
温州合泰,温州合泰,其他,1,1,1,温州,08:30,17:30,9.0,91.0,舒适,0
深圳润联科技,深圳润联科技,互联网,1,1,1,深圳,09:00,17:00,8.0,98.7,舒适,1
深圳源中瑞科技（众博科技）,深圳源中瑞科技（众博科技）,互联网,1,1,1,深圳,08:30,,,,数据不足,1
深圳滴普,深圳滴普,互联网,1,1,1,深圳,09:30,19:00,9.5,86.1,舒适,1
深圳罗湖编制教师,深圳罗湖编制教师,其他,1,1,1,深圳,08:00,16:00,8.0,99.0,舒适,0
深圳舟海科技,深圳舟海科技,互联网,1,1,1,深圳,09:00,21:00,12.0,44.0,偏卷,0
深圳英美达医疗技术,深圳英美达医疗技术,其他,1,1,1,深圳,09:00,18:18,9.3,89.1,舒适,0
深圳英迈思信息技术,深圳英迈思信息技术,互联网,1,1,1,深圳,08:12,18:00,9.8,82.2,良好,1
深圳计算科学研究院（深算院）,深圳计算科学研究院（深算院）,互联网,1,1,1,深圳,09:00,20:00,11.0,60.8,一般,1
深圳证券交易所,深圳证券交易所,金融,1,1,1,深圳,08:30,17:00,8.5,94.2,舒适,1
深圳质量计量检测研究院,深圳质量计量检测研究院,其他,1,1,1,深圳,08:30,17:00,8.5,94.2,舒适,0
深圳震有科技,深圳震有科技,其他,1,1,1,深圳,09:00,18:00,9.0,92.4,舒适,1
深圳高速公路顾问,深圳高速公路顾问,互联网,1,1,1,深圳,09:30,18:30,9.0,91.4,舒适,1
上海华测导航,上海华测导航,互联网,1,1,1,上海,09:30,21:00,11.5,51.4,偏卷,1
上海华瑞银行,上海华瑞银行,金融,1,1,1,上海,08:30,17:30,9.0,91.0,舒适,0
上海卓繁信息,上海卓繁信息,互联网,1,1,1,安庆,09:00,,,,数据不足,0
湖南万瀑,湖南万瀑,其他,1,1,1,长沙,09:00,20:20,11.3,52.9,偏卷,0
湖南中建物业服务,湖南中建物业服务,其他,1,1,1,长沙,08:20,18:00,9.7,81.7,良好,0
湖南云之翼软件,湖南云之翼软件,互联网,1,1,1,长沙,08:30,17:30,9.0,85.0,舒适,1
湖南兴盛优选网络科技,湖南兴盛优选网络科技,互联网,1,1,1,长沙,09:00,09:00,,,数据不足,0
湖南华远学成教育培训发展,湖南华远学成教育培训发展,其他,1,1,1,长沙,08:45,18:30,9.8,79.9,良好,0
深圳麦逊电子,深圳麦逊电子,其他,1,1,1,深圳,08:30,17:30,9.0,91.0,舒适,0
深度之眼,深度之眼,其他,1,1,1,上海,09:30,18:30,9.0,91.4,舒适,1
深度传播,深度传播,互联网,1,1,1,青岛,09:00,17:30,8.5,95.5,舒适,0
深擎科技,深擎科技,互联网,1,1,1,上海,08:00,18:00,10.0,83.4,良好,1
深水规院,深水规院,其他,1,1,1,深圳,09:00,21:30,12.5,41.6,偏卷,1
深海游戏,深海游戏,互联网,1,1,1,广州,09:00,18:00,9.0,92.4,舒适,0
深睿医疗,深睿医疗,互联网,1,1,1,杭州,10:00,19:00,9.0,89.2,舒适,0
深维智信,深维智信,互联网,1,1,1,北京,10:00,10:00,,,数据不足,0
温氏,温氏,其他,1,1,1,,08:00,18:00,10.0,83.4,良好,0
港中旅华贸国际物流股份有限公司大连,港中旅华贸国际物流股份有限公司大连,其他,1,1,1,大连,08:30,17:30,9.0,91.0,舒适,1
游良文化,游良文化,互联网,1,1,1,杭州,10:00,19:00,9.0,89.2,舒适,0
游雁游戏,游雁游戏,互联网,1,1,1,广州,09:18,09:18,,,数据不足,1
湖北数科网维技术,湖北数科网维技术,互联网,1,1,1,北京,09:00,19:00,10.0,81.6,良好,1
湖北爱点点科技,湖北爱点点科技,互联网,1,1,1,宜昌,08:10,09:00,0.8,100.0,舒适,1
湖南万佳惠商业连锁,湖南万佳惠商业连锁,其他,1,1,1,长沙,08:30,17:30,9.0,100.0,舒适,0
上海大承,上海大承,互联网,1,1,1,上海,09:00,18:00,9.0,92.4,舒适,1
上海奇展建筑设计,上海奇展建筑设计,其他,1,1,1,上海,09:00,18:00,9.0,92.4,舒适,0
上海小牛互娱,上海小牛互娱,互联网,1,1,1,上海,13:18,12:00,22.7,39.0,很卷,1
上海尚演文化投资管理,上海尚演文化投资管理,其他,1,1,1,尚演谷,10:00,22:00,12.0,46.8,偏卷,0
上海云扩科技,上海云扩科技,互联网,1,1,1,上海,09:30,19:00,9.5,86.1,舒适,1
上海亦我信息技术,上海亦我信息技术,互联网,1,1,1,上海,09:00,21:00,12.0,50.0,偏卷,1
上海伯俊软件科技,上海伯俊软件科技,互联网,1,1,1,上海,09:00,09:00,,,数据不足,0
上海伯镭智能科技,上海伯镭智能科技,互联网,1,1,1,上海,09:30,18:30,9.0,91.4,舒适,0
上海公立医院,上海公立医院,其他,1,1,1,上海,08:00,17:00,9.0,89.7,舒适,1
点豆投资,点豆投资,互联网,1,1,1,山东临沂,08:30,18:00,9.5,81.9,良好,1
烟台南山学院,烟台南山学院,其他,1,1,1,烟台,07:50,17:20,9.5,86.6,舒适,1
烟台富士康,烟台富士康,其他,1,1,1,烟台,08:00,17:00,9.0,83.7,良好,1
湖南博米汇信息科技,湖南博米汇信息科技,互联网,1,1,1,长沙,09:30,18:00,8.5,90.8,舒适,1
湖南吉利汽车部件,湖南吉利汽车部件,其他,1,1,1,湖南湘潭,07:10,19:10,12.0,49.6,偏卷,0
湖南基础工程公司,湖南基础工程公司,其他,1,1,1,长沙,08:30,17:30,9.0,91.0,舒适,0
湖南微算互联信息技术,湖南微算互联信息技术,互联网,1,1,1,长沙,09:00,18:00,9.0,92.4,舒适,1
湖南恒昌医药,湖南恒昌医药,其他,1,1,1,长沙,08:30,17:30,9.0,86.5,舒适,0
湖南新印科技,湖南新印科技,其他,1,1,1,长沙,09:00,18:00,9.0,87.9,舒适,1
湖南新马制衣,湖南新马制衣,其他,1,1,1,长沙,08:00,17:00,9.0,89.7,舒适,1
湖南汉拓物联,湖南汉拓物联,互联网,1,1,1,长沙,08:30,17:30,9.0,91.0,舒适,0
湖南省汇杰勘测设计,湖南省汇杰勘测设计,其他,1,1,1,长沙,09:00,21:00,12.0,38.0,很卷,1
湖南省湘潭市公立九年制学校,湖南省湘潭市公立九年制学校,其他,1,1,1,,08:00,17:30,9.5,89.6,舒适,1
湖南聚恒数字科技,湖南聚恒数字科技,互联网,1,1,1,长沙,08:00,18:00,10.0,80.4,良好,0
湖南艾臣,湖南艾臣,其他,1,1,1,长沙,08:30,19:00,10.5,67.1,一般,0
湖大产业,湖大产业,互联网,1,1,1,全国,10:00,16:30,6.5,100.0,舒适,1
三诺生物传感,三诺生物传感,其他,1,1,1,长沙,09:00,17:30,8.5,95.5,舒适,1
上汽,上汽,其他,1,1,1,上海,08:45,17:15,8.5,94.8,舒适,0
上汽乘用车,上汽乘用车,互联网,1,1,1,上海,08:30,16:30,8.0,97.3,舒适,0
上汽商用车技术中心/上汽大通,上汽商用车技术中心/上汽大通,其他,1,1,1,上海,08:30,17:00,8.5,94.2,舒适,0
上汽通用汽车,上汽通用汽车,外企,1,1,1,上海,08:00,16:30,8.5,92.8,舒适,1
上海三星半导体,上海三星半导体,外企,1,1,1,北京,07:00,16:00,9.0,89.7,舒适,1
爱茉莉太平洋,爱茉莉太平洋,外企,1,1,1,上海,08:30,17:30,9.0,91.0,舒适,1
牙米口腔,牙米口腔,其他,1,1,1,成都,09:00,18:00,9.0,92.4,舒适,0
满金坝(深圳)科技,满金坝(深圳)科技,互联网,1,1,1,深圳,08:18,18:00,9.7,86.1,舒适,1
滴普科技,滴普科技,互联网,1,1,1,广州,09:30,19:00,9.5,86.1,舒适,1
潍坊市三建,潍坊市三建,其他,1,1,1,潍坊,07:30,17:30,10.0,77.4,良好,1
潍柴动力,潍柴动力,其他,1,1,1,,08:30,17:30,9.0,85.0,舒适,1
潍柴雷沃重工,潍柴雷沃重工,其他,1,1,1,潍坊,08:00,18:00,10.0,77.4,良好,0
瀚景项目管理,瀚景项目管理,其他,1,1,1,潍坊,08:00,21:30,13.5,29.6,很卷,0
灵山集团（拈花湾文投 江苏无锡）,灵山集团（拈花湾文投 江苏无锡）,其他,1,1,1,无锡,09:00,17:00,8.0,98.7,舒适,1
灵机文化,灵机文化,互联网,1,1,1,广州,09:00,18:30,9.5,87.0,舒适,0
环球网校,环球网校,其他,1,1,1,广州,09:30,19:00,9.5,86.1,舒适,0
环阳通,环阳通,互联网,1,1,1,深圳,08:18,18:00,9.7,83.1,良好,1
烽火通信（fiberhome）,烽火通信（fiberhome）,其他,1,1,1,南京,08:30,21:00,12.5,48.5,偏卷,1
熙励教育,熙励教育,其他,1,1,1,广州,,,,,数据不足,1
爱学习教育,爱学习教育,其他,1,1,1,北京,09:00,18:00,9.0,92.4,舒适,1
爱康国宾,爱康国宾,互联网,1,1,1,北京,09:30,18:30,9.0,91.4,舒适,1
爱德数智,爱德数智,互联网,1,1,1,广州,09:00,18:00,9.0,92.4,舒适,0
爱玛科技,爱玛科技,其他,1,1,1,天津,08:00,17:00,9.0,83.7,良好,1
上海印鹰,上海印鹰,互联网,1,1,1,上海,09:00,18:00,9.0,92.4,舒适,1
上海友塔游戏,上海友塔游戏,互联网,1,1,1,上海,11:00,21:00,10.0,69.4,一般,0
上海古籍出版社,上海古籍出版社,其他,1,1,1,上海,08:30,16:30,8.0,97.3,舒适,0
上海品览数据,上海品览数据,互联网,1,1,1,上海,10:00,18:30,8.5,94.6,舒适,1
三替,三替,其他,1,1,1,杭州,08:30,17:30,9.0,91.0,舒适,1
三甲医院,三甲医院,其他,1,1,1,惠州,07:45,17:30,9.8,78.7,良好,1
三益通信,三益通信,互联网,1,1,1,成都,08:30,17:30,9.0,91.0,舒适,1
三福时尚,三福时尚,其他,1,1,1,广州,09:00,18:00,9.0,87.9,舒适,0
瑞安市欧雷恒汽车电器,瑞安市欧雷恒汽车电器,其他,1,1,1,温州,08:00,17:00,9.0,83.7,良好,0
瑞穗银行,瑞穗银行,金融,1,1,1,深圳,08:30,18:00,9.5,87.9,舒适,0
瑞芯微电子,瑞芯微电子,互联网,1,1,1,福州,08:18,20:00,11.7,48.5,偏卷,0
瑞银证券,瑞银证券,外企,1,1,1,上海,09:00,18:00,9.0,92.4,舒适,1
瓜子二手车,瓜子二手车,互联网,1,1,1,北京,10:00,19:00,9.0,89.2,舒适,1
牛商网,牛商网,互联网,1,1,1,长沙,09:00,18:00,9.0,92.4,舒适,1
牛客网,牛客网,互联网,1,1,1,北京,10:00,22:00,12.0,43.8,偏卷,1
物泊科技,物泊科技,其他,1,1,1,上海,09:00,18:00,9.0,92.4,舒适,1
物流运输车队,物流运输车队,其他,1,1,1,山东滨州,,,,,数据不足,0
特斯拉,特斯拉,外企,1,1,1,上海,08:30,17:30,9.0,91.0,舒适,0
猎头公司,猎头公司,其他,1,1,1,成都,09:00,20:00,11.0,63.8,一般,0
猎聘,猎聘,互联网,1,1,1,北京,10:00,19:00,9.0,89.2,舒适,0
猪八戒,猪八戒,互联网,1,1,1,重庆,09:00,18:00,9.0,92.4,舒适,0
猿印,猿印,互联网,1,1,1,北京,10:00,21:00,11.0,57.6,一般,1
王府中西医结合医院,王府中西医结合医院,其他,1,1,1,北京,08:00,17:00,9.0,89.7,舒适,0
玩心不止（原名悦玩）,玩心不止（原名悦玩）,互联网,1,1,1,杭州,09:30,18:00,8.5,96.8,舒适,1
万达信息,万达信息,互联网,1,1,1,上海,08:45,17:15,8.5,94.8,舒适,1
万达地产,万达地产,其他,1,1,1,天津,08:30,21:00,12.5,41.0,偏卷,1
万魔声学,万魔声学,其他,1,1,1,深圳,09:30,21:30,12.0,37.0,很卷,1
申通快递,申通快递,其他,1,1,1,临沂,07:30,19:00,11.5,53.4,偏卷,0
电厂,电厂,其他,1,1,1,,08:00,16:30,8.5,92.8,舒适,0
电科28所,电科28所,其他,1,1,1,南京,08:30,20:30,12.0,44.9,偏卷,1
现代汽车研发中心,现代汽车研发中心,外企,1,1,1,烟台,08:00,17:00,9.0,89.7,舒适,1
珀金埃尔默,珀金埃尔默,外企,1,1,1,上海,08:30,17:00,8.5,94.2,舒适,0
珠光地产,珠光地产,其他,1,1,1,广州,08:30,17:30,9.0,91.0,舒适,1
珠海广浩捷科技,珠海广浩捷科技,其他,1,1,1,珠海,08:00,20:00,12.0,47.3,偏卷,0
珠海水控,珠海水控,其他,1,1,1,珠海,08:30,17:30,9.0,91.0,舒适,1
班德康斯（杭州）国际贸易,班德康斯（杭州）国际贸易,互联网,1,1,1,杭州,,,,,数据不足,1
理光图像技术（上海）,理光图像技术（上海）,其他,1,1,1,上海,08:00,17:00,9.0,89.7,舒适,1
理想汽车,理想汽车,其他,1,1,1,北京,09:00,18:00,9.0,92.4,舒适,1
瑆玥微光(北京)科技,瑆玥微光(北京)科技,互联网,1,1,1,北京,09:00,18:30,9.5,81.0,良好,0
瑛太莱,瑛太莱,其他,1,1,1,上海,09:00,18:00,9.0,92.4,舒适,0
白龙马云行科技,白龙马云行科技,互联网,1,1,1,北京,10:00,22:00,12.0,46.8,偏卷,0
百世快递,百世快递,互联网,1,1,1,杭州,10:00,,,,数据不足,0
甄云科技,甄云科技,互联网,1,1,1,上海,09:30,18:00,8.5,96.8,舒适,1
用友,用友,互联网,1,1,1,深圳,08:30,17:30,9.0,91.0,舒适,0
用友北京,用友北京,金融,1,1,1,北京,09:00,18:00,9.0,92.4,舒适,0
用友汽车,用友汽车,互联网,1,1,1,上海,09:00,18:00,9.0,92.4,舒适,1
用友金融,用友金融,金融,1,1,1,广州,09:30,13:00,3.5,100.0,舒适,1
申万宏源研究所,申万宏源研究所,金融,1,1,1,上海,10:00,21:00,11.0,57.6,一般,0
申万宏源证券,申万宏源证券,金融,1,1,1,合肥,08:30,17:00,8.5,94.2,舒适,0
上海中梁,上海中梁,其他,1,1,1,广州,08:30,09:00,0.5,100.0,舒适,1
上海丰凡文化传媒,上海丰凡文化传媒,互联网,1,1,1,广州,10:00,21:00,11.0,57.6,一般,1
上海久华信息科技,上海久华信息科技,互联网,1,1,1,上海,09:00,18:50,9.8,83.6,良好,1
上海义悠网络科技,上海义悠网络科技,互联网,1,1,1,上海,10:00,21:30,11.5,46.2,偏卷,0
万家数科,万家数科,其他,1,1,1,深圳,08:00,17:00,9.0,89.7,舒适,1
万朋教育,万朋教育,互联网,1,1,1,杭州,09:00,18:00,9.0,92.4,舒适,0
万物心选,万物心选,互联网,1,1,1,北京,10:00,20:00,10.0,78.4,良好,0
百辐数据科技,百辐数据科技,其他,1,1,1,成都,09:00,18:00,9.0,92.4,舒适,0
皖小斌小葱伴豆腐,皖小斌小葱伴豆腐,其他,1,1,1,,08:30,21:30,13.0,31.1,很卷,1
盈天地科技,盈天地科技,金融,1,1,1,苏州,08:30,17:30,9.0,86.5,舒适,1
电脑公司,电脑公司,互联网,1,1,1,山东临沂,08:30,17:30,9.0,85.0,舒适,0
电装,电装,其他,1,1,1,上海,08:00,08:00,,,数据不足,0
电装（杭州）,电装（杭州）,其他,1,1,1,杭州,08:00,17:00,9.0,92.7,舒适,1
电讯盈科,电讯盈科,互联网,1,1,1,深圳,09:00,18:00,9.0,92.4,舒适,0
电讯盈科科技信息（广州）,电讯盈科科技信息（广州）,互联网,1,1,1,广州,09:00,18:00,9.0,92.4,舒适,1
电魂,电魂,其他,1,1,1,杭州,09:00,18:00,9.0,92.4,舒适,0
畅博思,畅博思,互联网,1,1,1,厦门,08:30,18:00,9.5,87.9,舒适,1
畅游,畅游,互联网,1,1,1,北京,10:00,10:00,,,数据不足,0
畅移,畅移,互联网,1,1,1,西安,09:30,19:00,9.5,81.6,良好,0
畅聊天下,畅聊天下,互联网,1,1,1,北京,10:00,22:00,12.0,40.8,偏卷,0
畅行云,畅行云,互联网,1,1,1,浙江桐乡,08:30,17:00,8.5,94.2,舒适,0
番糖游戏,番糖游戏,互联网,1,1,1,上海,09:00,18:00,9.0,92.4,舒适,1
白帽汇,白帽汇,互联网,1,1,1,北京,09:30,,,,数据不足,0
一览,一览,互联网,1,1,1,深圳,08:30,18:00,9.5,87.9,舒适,1
一面数据,一面数据,互联网,1,1,1,深圳,10:00,19:00,9.0,89.2,舒适,0
丁香园,丁香园,互联网,1,1,1,杭州,10:00,21:00,11.0,57.6,一般,0
七七一研究所,七七一研究所,其他,1,1,1,西安,08:00,19:30,11.5,51.2,偏卷,1
盛趣游戏（原盛大游戏）,盛趣游戏（原盛大游戏）,互联网,1,1,1,上海,09:00,18:00,9.0,92.4,舒适,0
盛路通信,盛路通信,其他,1,1,1,佛山,08:00,21:00,13.0,41.0,偏卷,1
盛通科技教育,盛通科技教育,其他,1,1,1,北京,15:00,21:00,6.0,93.1,舒适,1
盛邦安全,盛邦安全,互联网,1,1,1,淄博,08:30,17:30,9.0,91.0,舒适,0
百丽,百丽,互联网,1,1,1,深圳,09:00,09:00,,,数据不足,0
百丽国际,百丽国际,其他,1,1,1,深圳,09:00,21:00,12.0,50.0,偏卷,1
百分点科技,百分点科技,互联网,1,1,1,沈阳,09:30,18:30,9.0,91.4,舒适,1
百助,百助,互联网,1,1,1,马鞍山,09:00,21:00,12.0,44.0,偏卷,1
百威亚太,百威亚太,外企,1,1,1,全国工厂,08:00,17:00,9.0,89.7,舒适,1
百时教育,百时教育,其他,1,1,1,沈阳,02:00,00:00,22.0,35.0,很卷,1
百田,百田,互联网,1,1,1,广州,09:00,18:30,9.5,87.0,舒适,1
百融云创,百融云创,互联网,1,1,1,北京,10:00,,,,数据不足,1
石药,石药,其他,1,1,1,石家庄,08:00,17:30,9.5,80.6,良好,1
盈峰中联环境产业,盈峰中联环境产业,其他,1,1,1,长沙,08:00,17:30,9.5,83.6,良好,1
盈峰环境,盈峰环境,其他,1,1,1,佛山,08:30,18:00,9.5,87.9,舒适,1
盈科外服,盈科外服,其他,1,1,1,广州,09:00,17:30,8.5,95.5,舒适,0
益丰大药房,益丰大药房,互联网,1,1,1,长沙,08:30,18:00,9.5,87.9,舒适,1
益普索,益普索,互联网,1,1,1,上海,10:30,21:00,10.5,60.8,一般,1
盒马,盒马,其他,1,1,1,,07:00,15:00,8.0,90.0,舒适,0
盖茨优霓塔传动系统,盖茨优霓塔传动系统,其他,1,1,1,上海,08:30,16:50,8.3,95.4,舒适,1
盛拓传媒,盛拓传媒,其他,1,1,1,长沙,09:30,19:00,9.5,86.1,舒适,0
三七,三七,互联网,1,1,1,广州,09:18,10:18,1.0,100.0,舒适,0
三星数据,三星数据,互联网,1,1,1,西安,,,,,数据不足,0
三星电机,三星电机,其他,1,1,1,深圳,,16:00,,,数据不足,0
一汽丰田,丰田,其他,1,1,1,天津,08:00,17:00,9.0,89.7,舒适,1
一汽解放,一汽解放,其他,1,1,1,即墨,08:00,16:30,8.5,100.0,舒适,0
一级VC公司,一级VC公司,金融,1,1,1,上海,09:00,,,,数据不足,1
一街,一街,其他,1,1,1,呼和浩特,09:00,18:00,9.0,92.4,舒适,1
zeku,zeku,其他,1,1,1,上海,09:00,09:00,,,数据不足,0
福州新大陆,福州新大陆,互联网,1,1,1,福州,08:25,17:45,9.3,88.9,舒适,1
福州来玩互娱网络科技,福州来玩互娱网络科技,互联网,1,1,1,福州,09:00,18:00,9.0,92.4,舒适,1
福州海牛,福州海牛,互联网,1,1,1,福州,09:00,21:00,12.0,50.0,偏卷,0
盟广信息技术,盟广信息技术,互联网,1,1,1,上海,09:00,20:00,11.0,60.8,一般,0
盟拓苏州软件,盟拓苏州软件,其他,1,1,1,苏州,09:00,18:00,9.0,92.4,舒适,0
直觉泵,直觉泵,其他,1,1,1,上海,,,,,数据不足,0
相芯,相芯,互联网,1,1,1,杭州,09:00,18:00,9.0,92.4,舒适,1
省水利厅,省水利厅,其他,1,1,1,广州,08:30,17:30,9.0,91.0,舒适,0
省级投资类国企,省级投资类国企,金融,1,1,1,郑州,08:00,18:00,10.0,83.4,良好,1
睿狮博斐(MullenLowe Profero),睿狮博斐(MullenLowe Profero),外企,1,1,1,上海,09:30,18:30,9.0,91.4,舒适,1
知行汽车科技(苏州）,知行汽车科技(苏州）,其他,1,1,1,苏州,09:00,19:00,10.0,81.6,良好,0
知识空间,知识空间,其他,1,1,1,广州,,,,,数据不足,0
知道创宇,知道创宇,互联网,1,1,1,成都,,05:00,,,数据不足,1
石头科技,石头科技,其他,1,1,1,深圳,09:00,21:00,12.0,50.0,偏卷,1
石家庄国为知识产权事务所,石家庄国为知识产权事务所,其他,1,1,1,石家庄,08:00,17:00,9.0,89.7,舒适,1
福鼎市博立优品包装,福鼎市博立优品包装,互联网,1,1,1,福鼎,08:00,18:00,10.0,77.4,良好,1
碧生源,碧生源,其他,1,1,1,杭州,09:00,19:00,10.0,81.6,良好,0
神州信息,神州信息,互联网,1,1,1,北京,09:00,18:00,9.0,92.4,舒适,0
神州联保,神州联保,其他,1,1,1,广州,08:30,18:00,9.5,81.9,良好,1
祺曜互娱,祺曜互娱,互联网,1,1,1,广州,,,,,数据不足,1
七猫,七猫,互联网,1,1,1,上海,09:00,18:00,9.0,92.4,舒适,0
万向信托,万向信托,金融,1,1,1,上海,09:00,17:00,8.0,98.7,舒适,0
ucloud,ucloud,互联网,1,1,1,上海,10:00,18:00,8.0,100.0,舒适,1
umu,umu,互联网,1,1,1,北京,10:00,10:00,,,数据不足,0
updis,updis,其他,1,1,1,深圳,09:30,18:00,8.5,99.8,舒适,0
versa,versa,互联网,1,1,1,上海,10:00,21:00,11.0,60.6,一般,0
vmware,vmware,互联网,1,1,1,北京,09:30,17:00,7.5,100.0,舒适,0
vt,vt,其他,1,1,1,深圳,09:00,18:00,9.0,92.4,舒适,0
wifi万能钥匙,wifi万能钥匙,互联网,1,1,1,上海,10:00,19:00,9.0,89.2,舒适,0
xsky,xsky,互联网,1,1,1,深圳,09:30,18:30,9.0,91.4,舒适,1
xx市公安局,xx市公安局,其他,1,1,1,,07:00,18:00,11.0,70.1,良好,1
秒可,秒可,其他,1,1,1,广州,09:00,18:30,9.5,81.0,良好,1
稀途（杭州）,稀途（杭州）,其他,1,1,1,杭州,09:00,09:00,,,数据不足,1
福建国通星驿,福建国通星驿,互联网,1,1,1,福州,08:30,19:30,11.0,61.7,一般,1
福建慧舟信息科技,福建慧舟信息科技,互联网,1,1,1,福州,08:30,18:00,9.5,87.9,舒适,1
福建新大陆软件工程,福建新大陆软件工程,互联网,1,1,1,福州,08:35,17:35,9.0,91.3,舒适,0
福建星云电子,福建星云电子,其他,1,1,1,福州,08:30,20:30,12.0,44.9,偏卷,1
福建永福电力,福建永福电力,其他,1,1,1,福州,08:40,11:45,3.1,100.0,舒适,1
福建福清核电,福建福清核电,其他,1,1,1,福清,09:00,19:00,10.0,81.6,良好,0
福建美生活科技服务,福建美生活科技服务,互联网,1,1,1,福州,09:00,18:00,9.0,92.4,舒适,1
福建融韵通生态科技,福建融韵通生态科技,互联网,1,1,1,福州,08:30,17:30,9.0,91.0,舒适,1
福建顶点软件,福建顶点软件,其他,1,1,1,福州,08:18,19:18,11.0,62.0,一般,1
福昕,福昕,互联网,1,1,1,成都,08:00,17:00,9.0,89.7,舒适,1
福特汽车工程研究（南京）,福特汽车工程研究（南京）,外企,1,1,1,南京,09:00,17:20,8.3,96.8,舒适,0
福耀,福耀,其他,1,1,1,福清,07:18,17:00,9.7,85.3,舒适,0
福耀玻璃,福耀玻璃,其他,1,1,1,郑州,07:18,07:18,,,数据不足,0
福讯信息（万物云子公司）,福讯信息（万物云子公司）,互联网,1,1,1,深圳,09:00,20:00,11.0,60.8,一般,1
soulapp,soulapp,互联网,1,1,1,北京,09:30,21:00,11.5,54.4,偏卷,0
sunrise,sunrise,其他,1,1,1,宁波,08:45,17:15,8.5,94.8,舒适,0
第一创业证券,第一创业证券,金融,1,1,1,深圳,08:30,17:30,9.0,91.0,舒适,1
第一太平戴维斯,第一太平戴维斯,外企,1,1,1,厦门,09:00,18:00,9.0,92.4,舒适,1
第一服务,第一服务,其他,1,1,1,北京,08:18,18:00,9.7,86.1,舒适,0
简寻,简寻,互联网,1,1,1,北京,09:00,19:00,10.0,81.6,良好,1
管理咨询,管理咨询,互联网,1,1,1,南京,09:30,17:30,8.0,100.0,舒适,1
禾苗(武汉)信息技术,禾苗(武汉)信息技术,互联网,1,1,1,武汉,09:00,18:00,9.0,89.4,舒适,1
禾连健康,禾连健康,互联网,1,1,1,杭州,09:00,20:00,11.0,60.8,一般,1
私募股权,私募股权,金融,1,1,1,青岛,08:30,17:30,9.0,91.0,舒适,1
科华数据（原名科华恒盛）,科华数据（原名科华恒盛）,其他,1,1,1,厦门,08:18,09:18,1.0,100.0,舒适,1
科华数据（科华恒盛）,科华数据（科华恒盛）,其他,1,1,1,厦门,08:30,21:30,13.0,34.1,很卷,1
科大国创云网,科大国创云网,其他,1,1,1,合肥,09:00,18:00,9.0,92.4,舒适,0
科大讯飞深圳,科大讯飞深圳,其他,1,1,1,深圳,09:00,18:00,9.0,92.4,舒适,1
科通芯城,科通芯城,其他,1,1,1,深圳,09:00,18:00,9.0,92.4,舒适,1
科锐半导体,科锐半导体,外企,1,1,1,惠州,08:00,20:00,12.0,39.8,很卷,0
立信会计事务所,立信会计事务所,其他,1,1,1,上海,,23:00,,,数据不足,0
立信会计师事务所,立信会计师事务所,金融,1,1,1,上海,10:00,23:00,13.0,24.0,很卷,1
立信会计师事务所浙江分所,立信会计师事务所浙江分所,金融,1,1,1,杭州,09:00,,,,数据不足,1
童程童美,童程童美,其他,1,1,1,杭州,09:00,21:00,12.0,44.0,偏卷,1
zoom,zoom,互联网,1,1,1,杭州,09:00,18:00,9.0,92.4,舒适,0
一亩田,一亩田,互联网,1,1,1,北京,10:00,20:00,10.0,78.4,良好,0
一川机械,一川机械,互联网,1,1,1,东莞,08:00,20:00,12.0,45.8,偏卷,1
一汽,一汽,其他,1,1,1,长春,08:18,18:00,9.7,86.1,舒适,1
shein,shein,互联网,1,1,1,深圳,,20:00,,,数据不足,1
shopee 虾皮,shopee 虾皮,互联网,1,1,1,深圳,10:00,19:30,9.5,83.8,良好,1
sieyuan,sieyuan,其他,1,1,1,常州,08:00,20:00,12.0,45.8,偏卷,1
silergy,silergy,其他,1,1,1,上海,09:00,18:30,9.5,87.0,舒适,0
smartnews,smartnews,互联网,1,1,1,上海,10:00,19:00,9.0,89.2,舒适,0
smic,smic,其他,1,1,1,北京,08:30,09:00,0.5,100.0,舒适,1
sofsy,sofsy,外企,1,1,1,珠海,09:00,18:00,9.0,92.4,舒适,0
soul,soul,互联网,1,1,1,上海,10:00,21:00,11.0,57.6,一般,0
onet,onet,其他,1,1,1,深圳,09:00,18:00,9.0,92.4,舒适,1
维正,维正,其他,1,1,1,杭州,08:00,18:00,10.0,77.4,良好,0
维正知识产权,维正知识产权,互联网,1,1,1,深圳,08:00,18:00,10.0,77.4,良好,1
维正知识产权科技,维正知识产权科技,其他,1,1,1,天津,08:00,21:00,13.0,35.0,很卷,0
维谛技术,维谛技术,外企,1,1,1,深圳,07:00,16:00,9.0,89.7,舒适,0
维谛软件（深圳）,维谛软件（深圳）,外企,1,1,1,深圳,07:00,16:00,9.0,89.7,舒适,0
米画师,米画师,互联网,1,1,1,北京,,18:00,,,数据不足,0
粉象生活,粉象生活,互联网,1,1,1,杭州,09:00,18:30,9.5,87.0,舒适,1
精鼎医药,精鼎医药,外企,1,1,1,上海,09:00,18:00,9.0,92.4,舒适,1
索尼,索尼,互联网,1,1,1,北京,10:30,18:30,8.0,97.8,舒适,1
紫光摩度教育科技,紫光摩度教育科技,互联网,1,1,1,南昌,09:00,18:30,9.5,82.5,良好,0
紫光电子商务,紫光电子商务,其他,1,1,1,北京,09:00,18:00,9.0,92.4,舒适,0
红星新闻网,红星新闻网,互联网,1,1,1,成都,07:00,16:00,9.0,89.7,舒适,1
红狮,红狮,其他,1,1,1,金华,08:00,08:00,,,数据不足,0
税友,税友,其他,1,1,1,杭州,09:00,22:00,13.0,39.2,很卷,0
立乐教育科技（上海）,立乐教育科技（上海）,互联网,1,1,1,上海,09:00,18:00,9.0,92.4,舒适,1
纸贵科技,纸贵科技,互联网,1,1,1,西安,09:00,18:00,9.0,92.4,舒适,0
经纬恒润,经纬恒润,互联网,1,1,1,天津,09:00,20:00,11.0,60.8,一般,0
统信,统信,互联网,1,1,1,成都,09:00,18:00,9.0,92.4,舒适,0
统信软件,统信软件,其他,1,1,1,武汉,08:00,18:00,10.0,83.4,良好,1
统信软件技术,统信软件技术,互联网,1,1,1,北京,08:00,17:00,9.0,89.7,舒适,0
维妥科技,维妥科技,其他,1,1,1,杭州,10:00,20:00,10.0,78.4,良好,0
维恩贝特,维恩贝特,金融,1,1,1,深圳,09:00,22:00,13.0,36.2,很卷,0
synology群晖,synology群晖,互联网,1,1,1,海外,10:00,19:00,9.0,89.2,舒适,0
tp-link,tp-link,互联网,1,1,1,深圳,08:30,18:00,9.5,87.9,舒适,0
tx,tx,互联网,1,1,1,深圳,09:00,09:00,,,数据不足,0
lenovo,lenovo,互联网,1,1,1,北京,09:30,18:30,9.0,91.4,舒适,0
marryU,marryU,互联网,1,1,1,杭州,09:00,18:00,9.0,92.4,舒适,1
meitu,meitu,互联网,1,1,1,深圳,09:00,18:00,9.0,92.4,舒适,1
memblaze,memblaze,互联网,1,1,1,北京,09:00,18:30,9.5,90.0,舒适,1
nvidia,nvidia,外企,1,1,1,上海,09:30,18:00,8.5,96.8,舒适,0
ondenand,ondenand,互联网,1,1,1,北京,09:00,17:00,8.0,98.7,舒适,0
haier,haier,其他,1,1,1,青岛,09:00,20:00,11.0,54.8,偏卷,0
美菜,美菜,互联网,1,1,1,北京,,,,,数据不足,0
美通社,美通社,互联网,1,1,1,北京,,17:00,,,数据不足,1
群邑,群邑,外企,1,1,1,上海,10:30,19:00,8.5,92.4,舒适,1
维音数码,维音数码,其他,1,1,1,上海,09:00,18:30,9.5,87.0,舒适,0
绿地集团山东事业部,绿地集团山东事业部,其他,1,1,1,济南,08:30,17:30,9.0,91.0,舒适,1
绿城,绿城,其他,1,1,1,浙江某城,08:30,21:00,12.5,39.5,很卷,1
绿城服务,绿城服务,其他,1,1,1,杭州,09:00,18:00,9.0,92.4,舒适,0
绿巢智慧数据,绿巢智慧数据,互联网,1,1,1,北京,09:00,,,,数据不足,0
绿盟科技,绿盟科技,其他,1,1,1,武汉,09:30,20:00,10.5,65.2,一般,1
绿米,绿米,互联网,1,1,1,深圳,09:30,18:30,9.0,91.4,舒适,1
编程猫,编程猫,互联网,1,1,1,深圳,09:00,21:00,12.0,50.0,偏卷,0
网联清算,网联清算,互联网,1,1,1,北京,10:00,19:00,9.0,89.2,舒适,1
网营科技,网营科技,其他,1,1,1,杭州,15:00,18:00,3.0,100.0,舒适,0
网龙,网龙,互联网,1,1,1,福州,10:00,20:00,10.0,78.4,良好,0
纵腾,纵腾,其他,1,1,1,深圳,09:00,18:00,9.0,92.4,舒适,1
罗布乐思,罗布乐思,互联网,1,1,1,深圳,10:00,18:00,8.0,100.0,舒适,0
美企工程公司,美企工程公司,外企,1,1,1,上海,08:00,17:00,9.0,89.7,舒适,0
美伽,美伽,其他,1,1,1,苏州,09:00,21:00,12.0,44.0,偏卷,1
美敦力,美敦力,外企,1,1,1,上海,08:00,,,,数据不足,1
美智,美智,其他,1,1,1,北京,09:00,20:00,11.0,56.3,一般,0
qualcomm,qualcomm,互联网,1,1,1,深圳,10:00,20:00,10.0,78.4,良好,1
q房网,q房网,互联网,1,1,1,深圳,09:00,18:00,9.0,92.4,舒适,1
realme,realme,互联网,1,1,1,深圳,09:00,19:30,10.5,66.2,一般,0
redhat,redhat,互联网,1,1,1,北京,08:30,17:00,8.5,94.2,舒适,0
shede酒,shede酒,其他,1,1,1,北京,09:00,20:00,11.0,60.8,一般,1
didi,didi,互联网,1,1,1,北京,11:00,22:00,11.0,53.1,偏卷,0
ebay,ebay,外企,1,1,1,上海,10:00,18:00,8.0,100.0,舒适,0
e签包,e签包,互联网,1,1,1,杭州,10:00,21:00,11.0,57.6,一般,1
fanruan,fanruan,互联网,1,1,1,无锡,09:00,17:00,8.0,98.7,舒适,0
garena,garena,互联网,1,1,1,上海,10:00,20:30,10.5,63.0,一般,0
gllue,gllue,其他,1,1,1,上海,09:15,18:00,8.8,94.3,舒适,1
assaabloy,assaabloy,外企,1,1,1,上海,,18:00,,,数据不足,1
autox,autox,互联网,1,1,1,深圳,09:18,18:00,8.7,95.1,舒适,0
腾信信息技术,腾信信息技术,互联网,1,1,1,重庆,09:18,18:18,9.0,91.8,舒适,1
腾竞体育,腾竞体育,互联网,1,1,1,上海,11:00,22:00,11.0,53.1,偏卷,1
自如信息科技,自如信息科技,互联网,1,1,1,北京,09:30,,,,数据不足,0
翱捷科技,翱捷科技,其他,1,1,1,成都,10:00,20:00,10.0,78.4,良好,1
老坛子泡菜,老坛子泡菜,其他,1,1,1,眉山,08:30,17:30,9.0,85.0,舒适,1
考虫,考虫,其他,1,1,1,济南,09:00,18:00,9.0,92.4,舒适,0
联友,联友,其他,1,1,1,广州,08:30,18:00,9.5,87.9,舒适,0
联易融,联易融,互联网,1,1,1,深圳,09:30,18:00,8.5,96.8,舒适,1
联联周边游,联联周边游,互联网,1,1,1,成都,09:30,18:00,8.5,96.8,舒适,1
联蔚数据,联蔚数据,互联网,1,1,1,上海,09:00,18:00,9.0,92.4,舒适,1
联行科技,联行科技,互联网,1,1,1,北京,08:30,17:30,9.0,91.0,舒适,1
联赢激光,联赢激光,其他,1,1,1,深圳,09:00,18:00,9.0,86.4,舒适,0
联邦车网,联邦车网,互联网,1,1,1,广州,09:00,19:00,10.0,81.6,良好,1
聚师网,聚师网,互联网,1,1,1,北京,09:00,20:00,11.0,60.8,一般,0
聚玻网/火山口,聚玻网/火山口,其他,1,1,1,杭州,08:00,17:30,9.5,86.6,舒适,1
聚通达,聚通达,互联网,1,1,1,北京,09:00,18:15,9.2,90.0,舒适,0
肇庆现代筑美家居,肇庆现代筑美家居,其他,1,1,1,广东肇庆,08:00,17:30,9.5,80.6,良好,1
股一科技,股一科技,互联网,1,1,1,杭州,10:00,19:00,9.0,89.2,舒适,0
肯耐珂萨,肯耐珂萨,其他,1,1,1,上海,09:30,19:00,9.5,86.1,舒适,0
育儿网,育儿网,互联网,1,1,1,南京,09:00,18:00,9.0,92.4,舒适,1
育碧中国,育碧中国,互联网,1,1,1,上海,,06:00,,,数据不足,1
育碧成都,育碧成都,互联网,1,1,1,成都,09:00,18:00,9.0,92.4,舒适,1
能链,能链,互联网,1,1,1,北京,09:18,21:00,11.7,52.7,偏卷,0
insta360,insta360,互联网,1,1,1,前海人寿金融中心,09:30,18:00,8.5,96.8,舒适,1
italic,italic,互联网,1,1,1,上海,07:30,17:00,9.5,86.6,舒适,1
klook,klook,互联网,1,1,1,深圳,09:30,19:00,9.5,86.1,舒适,1
kuasgshi,kuasgshi,互联网,1,1,1,北京,10:00,19:00,9.0,89.2,舒适,0
airoha,airoha,互联网,1,1,1,南京,09:00,18:00,9.0,92.4,舒适,1
amd,amd,其他,1,1,1,上海,07:00,16:00,9.0,77.7,良好,0
aptiv,aptiv,互联网,1,1,1,苏州,09:00,17:15,8.2,97.4,舒适,0
艾臣,艾臣,其他,1,1,1,长沙,08:25,19:00,10.6,66.2,一般,0
芯华章科技,芯华章科技,互联网,1,1,1,南京,09:00,18:00,9.0,92.4,舒适,1
芯耘,芯耘,其他,1,1,1,杭州,09:00,19:00,10.0,81.6,良好,0
自如寓（北京）酒店管理,自如寓（北京）酒店管理,互联网,1,1,1,上海,09:00,19:00,10.0,81.6,良好,0
自如房屋租赁,自如房屋租赁,其他,1,1,1,,09:00,19:00,10.0,69.6,一般,1
自媒体,自媒体,互联网,1,1,1,郑州,09:00,18:18,9.3,83.1,良好,0
至真科技,至真科技,其他,1,1,1,广州,09:10,18:30,9.3,88.7,舒适,0
致同会计师事务所（特殊普通合伙）,致同会计师事务所（特殊普通合伙）,金融,1,1,1,北京,09:30,17:00,7.5,100.0,舒适,1
致同深圳,致同深圳,互联网,1,1,1,深圳,09:00,18:00,9.0,80.4,良好,1
致远互联,致远互联,互联网,1,1,1,成都,09:00,18:00,9.0,92.4,舒适,1
臻格生物,臻格生物,外企,1,1,1,上海,08:30,17:30,9.0,91.0,舒适,1
航天804,航天804,其他,1,1,1,上海,08:00,17:30,9.5,80.6,良好,1
航天科工二院25所（北京遥感设备研究所）,航天科工二院25所（北京遥感设备研究所）,其他,1,1,1,北京,08:30,,,,数据不足,1
航天科工网络信息发展,航天科工网络信息发展,互联网,1,1,1,西安,09:00,18:30,9.5,81.0,良好,1
航天科工集团三院,航天科工集团三院,其他,1,1,1,天津,08:30,16:30,8.0,97.3,舒适,1
航天科技,航天科技,其他,1,1,1,北京,08:30,17:00,8.5,94.2,舒适,1
船奇科技,船奇科技,互联网,1,1,1,深圳,09:00,20:00,11.0,60.8,一般,0
良医汇,良医汇,互联网,1,1,1,苏州,09:30,18:30,9.0,91.4,舒适,1
艺画开天,艺画开天,其他,1,1,1,武汉,10:00,12:00,2.0,100.0,舒适,1
艾奕康设计与咨询（深圳）,艾奕康设计与咨询（深圳）,其他,1,1,1,深圳,10:00,11:00,1.0,100.0,舒适,1
艾瑞咨询,艾瑞咨询,互联网,1,1,1,上海,09:40,18:40,9.0,90.7,舒适,1
cider,cider,互联网,1,1,1,北京,10:00,21:00,11.0,51.6,偏卷,0
convertlab营销云,convertlab营销云,互联网,1,1,1,上海,10:00,19:00,9.0,89.2,舒适,0
cscec,cscec,其他,1,1,1,北京,08:30,17:00,8.5,94.2,舒适,0
Weee!(贝海网络）,Weee!(贝海网络）,外企,1,1,1,上海,09:00,18:00,9.0,92.4,舒适,1
Weta Digital,Weta Digital,互联网,1,1,1,,09:00,17:00,8.0,98.7,舒适,0
Wiredcraft,Wiredcraft,互联网,1,1,1,上海,10:00,18:00,8.0,100.0,舒适,0
W广告公司,W广告公司,互联网,1,1,1,上海,11:00,20:00,9.0,84.7,良好,1
XX高校网络管理,XX高校网络管理,其他,1,1,1,杭州,08:00,16:00,8.0,96.0,舒适,1
Xsky,Xsky,互联网,1,1,1,成都,09:00,18:00,9.0,92.4,舒适,0
YANGMING MARINA TRANSPORT CORP.,YANGMING MARINA TRANSPORT CORP.,外企,1,1,1,广州,08:45,19:00,10.2,69.6,一般,0
Yalla,Yalla,互联网,1,1,1,深圳,09:18,18:18,9.0,91.8,舒适,1
TRSDSJ,TRSDSJ,互联网,1,1,1,广州,,,,,数据不足,1
Thoughtworks,Thoughtworks,互联网,1,1,1,成都,09:30,18:00,8.5,96.8,舒适,0
UCloud,UCloud,互联网,1,1,1,上海,09:30,18:30,9.0,91.4,舒适,0
苏州逸美徳科技,苏州逸美徳科技,其他,1,1,1,苏州,08:00,10:00,2.0,100.0,舒适,1
苏州金螳螂,苏州金螳螂,其他,1,1,1,苏州,09:00,18:00,9.0,92.4,舒适,1
苏州麦迪斯顿,苏州麦迪斯顿,其他,1,1,1,苏州,08:50,17:30,8.7,93.8,舒适,0
苏芯物联,苏芯物联,互联网,1,1,1,南京,08:45,17:45,9.0,87.2,舒适,1
花卉交通,花卉交通,其他,1,1,1,广州,09:00,21:30,12.5,38.6,很卷,1
花旗金融citi group,花旗金融citi group,外企,1,1,1,上海,09:30,19:30,10.0,80.6,良好,0
苍穹数码技术,苍穹数码技术,互联网,1,1,1,武汉,08:30,18:00,9.5,87.9,舒适,1
苏东吴物业,苏东吴物业,其他,1,1,1,苏州,08:00,17:18,9.3,81.8,良好,1
苏亚金诚会计师事务所镇江分所,苏亚金诚会计师事务所镇江分所,其他,1,1,1,镇江,08:30,22:30,14.0,24.8,很卷,1
苏州云诺,苏州云诺,其他,1,1,1,苏州,09:00,17:00,8.0,98.7,舒适,0
苏州仙峰网络科技,苏州仙峰网络科技,互联网,1,1,1,苏州,09:00,,,,数据不足,1
苏州同程艺龙,苏州同程艺龙,互联网,1,1,1,苏州,09:30,18:30,9.0,91.4,舒适,1
航天通信中心,航天通信中心,其他,1,1,1,北京,08:30,17:30,9.0,91.0,舒适,0
Supplyframe，四方维,Supplyframe，四方维,外企,1,1,1,苏州,08:00,17:00,9.0,89.7,舒适,1
Suzano,Suzano,外企,1,1,1,上海,08:00,19:00,11.0,62.6,一般,1
菊花外包,菊花外包,互联网,1,1,1,非洲,08:30,18:00,9.5,75.9,良好,1
苏州日升软件,苏州日升软件,互联网,1,1,1,苏州,09:00,18:00,9.0,92.4,舒适,1
苏州晶云药物科技,苏州晶云药物科技,其他,1,1,1,苏州,09:00,21:00,12.0,50.0,偏卷,0
苏州汇川,苏州汇川,其他,1,1,1,苏州,08:00,09:00,1.0,100.0,舒适,1
苏州环境云信息科技,苏州环境云信息科技,互联网,1,1,1,杭州,09:00,18:00,9.0,92.4,舒适,0
苏州盟拓软件,苏州盟拓软件,互联网,1,1,1,苏州,09:00,18:00,9.0,92.4,舒适,0
苏州联讯仪器,苏州联讯仪器,其他,1,1,1,苏州,09:00,17:30,8.5,98.5,舒适,1
苏州软装设计公司,苏州软装设计公司,其他,1,1,1,苏州,09:00,17:18,8.3,90.8,舒适,0
ZStack,ZStack,互联网,1,1,1,上海,09:30,18:30,9.0,91.4,舒适,0
ZTF证券,ZTF证券,金融,1,1,1,深圳,08:30,11:00,2.5,100.0,舒适,1
Zhui事务所,Zhui事务所,其他,1,1,1,杭州,09:00,23:00,14.0,40.4,偏卷,0
Zoom,Zoom,互联网,1,1,1,合肥,09:00,18:00,9.0,92.4,舒适,0
TP-LINK,TP-LINK,互联网,1,1,1,杭州,08:30,18:00,9.5,87.9,舒适,0
TRS,TRS,互联网,1,1,1,成都,09:30,18:30,9.0,91.4,舒适,1
薄荷健康,薄荷健康,其他,1,1,1,上海,09:00,19:00,10.0,81.6,良好,1
藤本化学制品,藤本化学制品,其他,1,1,1,大阪,08:40,17:30,8.8,92.7,舒适,0
英语流利说,英语流利说,其他,1,1,1,上海,10:30,20:00,9.5,81.6,良好,1
英雄互娱,英雄互娱,互联网,1,1,1,广州,09:18,21:00,11.7,52.7,偏卷,0
英雄互娱成都分部,英雄互娱成都分部,互联网,1,1,1,成都,09:30,18:30,9.0,91.4,舒适,0
英飞拓,英飞拓,其他,1,1,1,深圳,08:30,17:30,9.0,91.0,舒适,0
茶百道,茶百道,其他,1,1,1,武汉,09:00,17:00,8.0,94.2,舒适,1
荣数信息,荣数信息,互联网,1,1,1,上海,09:00,17:30,8.5,95.5,舒适,1
荣盛发展,荣盛发展,其他,1,1,1,廊坊,08:30,20:00,11.5,50.3,偏卷,1
W,W,其他,1,1,1,上海,11:00,23:00,12.0,42.3,偏卷,1
SmartNews (知息科技),SmartNews (知息科技),互联网,1,1,1,上海,10:00,19:00,9.0,89.2,舒适,0
Soul APP,Soul APP,互联网,1,1,1,南京,09:30,19:00,9.5,86.1,舒适,0
Soul App,Soul App,互联网,1,1,1,上海,10:00,21:00,11.0,57.6,一般,0
Soul app,Soul app,互联网,1,1,1,上海,09:30,19:00,9.5,86.1,舒适,0
StreamNative,StreamNative,其他,1,1,1,远程,09:15,18:30,9.2,89.5,舒适,1
"Supplyframe,四方维","Supplyframe,四方维",外企,1,1,1,苏州,08:00,17:00,9.0,89.7,舒适,1
菜迪生科教网络,菜迪生科教网络,其他,1,1,1,泉州,08:30,17:30,9.0,85.0,舒适,0
萨莉亚,萨莉亚,外企,1,1,1,广州,09:00,20:00,11.0,56.3,一般,1
蓝凌软件,蓝凌软件,互联网,1,1,1,深圳,09:00,18:30,9.5,87.0,舒适,1
蓝河乳业,蓝河乳业,其他,1,1,1,长沙,09:00,18:00,9.0,87.9,舒适,0
蓝色创想,蓝色创想,互联网,1,1,1,北京,08:30,18:30,10.0,82.5,良好,1
蓝诺微银(北京)信息技术,蓝诺微银(北京)信息技术,互联网,1,1,1,北京,10:00,19:00,9.0,89.2,舒适,0
Synopsys,Synopsys,外企,1,1,1,上海,10:00,18:00,8.0,100.0,舒适,1
TC,TC,互联网,1,1,1,上海,08:30,17:00,8.5,94.2,舒适,0
TK保险集团总部,TK保险集团总部,金融,1,1,1,北京,09:00,18:00,9.0,92.4,舒适,0
SAS,SAS,外企,1,1,1,北京,09:00,17:30,8.5,95.5,舒适,0
SED新西林,SED新西林,其他,1,1,1,深圳,09:00,22:00,13.0,39.2,很卷,1
SMIC,SMIC,其他,1,1,1,北京,08:30,17:30,9.0,91.0,舒适,1
ST,ST,外企,1,1,1,深圳,09:00,,,,数据不足,1
Sabre,Sabre,互联网,1,1,1,上海,,,,,数据不足,0
SanDisk,SanDisk,外企,1,1,1,上海,08:00,17:30,9.5,86.6,舒适,1
Second Spectrum,Second Spectrum,互联网,1,1,1,上海,09:30,18:00,8.5,96.8,舒适,1
RELX悦刻,RELX悦刻,其他,1,1,1,北京,09:30,19:00,9.5,86.1,舒适,1
西安国联质量检测技术,西安国联质量检测技术,互联网,1,1,1,西安,08:30,17:30,9.0,91.0,舒适,1
西安数峰信息科技,西安数峰信息科技,互联网,1,1,1,西安,10:00,17:00,7.0,100.0,舒适,1
西安瑞联新材料,西安瑞联新材料,其他,1,1,1,西安,08:00,18:00,10.0,77.4,良好,0
蘑菇车联,蘑菇车联,其他,1,1,1,北京,09:00,09:00,,,数据不足,1
虎扑,虎扑,互联网,1,1,1,上海,09:30,18:00,8.5,96.8,舒适,1
虹晟科技,虹晟科技,互联网,1,1,1,北京,09:00,18:00,9.0,92.4,舒适,0
虹软,虹软,互联网,1,1,1,杭州,09:00,20:00,11.0,60.8,一般,0
虾皮（shopee）,虾皮（shopee）,互联网,1,1,1,深圳,10:00,19:10,9.2,87.2,舒适,1
蚂蚁支付宝,蚂蚁支付宝,互联网,1,1,1,深圳,10:00,19:00,9.0,89.2,舒适,1
蚌埠知产相关小公司,蚌埠知产相关小公司,其他,1,1,1,蚌埠,08:30,17:30,9.0,91.0,舒适,1
蛮啾,蛮啾,互联网,1,1,1,上海,,,,,数据不足,0
蜀海供应链（北京）,蜀海供应链（北京）,互联网,1,1,1,北京,08:00,20:00,12.0,47.3,偏卷,1
蜂助手,蜂助手,其他,1,1,1,广州,09:00,18:10,9.2,90.4,舒适,0
蜜源（广州）新媒体科技,蜜源（广州）新媒体科技,互联网,1,1,1,广州,09:00,19:00,10.0,78.6,良好,0
蜜雪冰城,蜜雪冰城,其他,1,1,1,郑州,05:30,14:30,9.0,83.7,良好,1
证券公司,证券公司,金融,1,1,1,北京,08:30,17:00,8.5,94.2,舒适,0
诗悦,诗悦,互联网,1,1,1,广州,09:00,20:00,11.0,60.8,一般,1
蝉妈妈,蝉妈妈,互联网,1,1,1,厦门,09:00,18:00,9.0,92.4,舒适,1
融创中国华南区域,融创中国华南区域,其他,1,1,1,深圳,09:00,20:30,11.5,55.4,一般,0
行影旅行,行影旅行,其他,1,1,1,广州,09:30,18:00,8.5,93.8,舒适,0
衡水中学,衡水中学,其他,1,1,1,衡水,05:25,10:15,4.8,100.0,舒适,1
装修行业,装修行业,其他,1,1,1,全国,08:00,08:00,,,数据不足,0
西安亚购信息科技,西安亚购信息科技,互联网,1,1,1,西安,08:00,17:00,9.0,89.7,舒适,0
西安华耀朗盛电子科技,西安华耀朗盛电子科技,其他,1,1,1,西安,09:00,18:00,9.0,92.4,舒适,0
西安华讯科技,西安华讯科技,互联网,1,1,1,西安,08:00,,,,数据不足,1
Shein,Shein,其他,1,1,1,广州,09:00,22:00,13.0,33.2,很卷,0
Paypal,Paypal,互联网,1,1,1,上海,10:00,18:00,8.0,100.0,舒适,0
Pony.ai,Pony.ai,互联网,1,1,1,北京,10:30,19:30,9.0,87.0,舒适,1
Qualcomm,Qualcomm,互联网,1,1,1,上海,09:30,18:00,8.5,96.8,舒适,0
RADII,RADII,其他,1,1,1,上海,10:00,18:30,8.5,94.6,舒适,0
REI,REI,外企,1,1,1,深圳,09:00,18:00,9.0,92.4,舒适,0
Optus,Optus,互联网,1,1,1,海外,,,,,数据不足,0
Orange Cyberdefense,Orange Cyberdefense,外企,1,1,1,上海,09:00,18:00,9.0,92.4,舒适,0
PB TECH NZ,PB TECH NZ,外企,1,1,1,新西兰奥克兰,09:00,17:00,8.0,98.7,舒适,1
PICC,PICC,金融,1,1,1,北京,08:30,17:30,9.0,91.0,舒适,0
POPMART泡泡玛特,POPMART泡泡玛特,其他,1,1,1,北京,09:00,18:00,9.0,92.4,舒适,1
贝塔科技,贝塔科技,互联网,1,1,1,北京,10:00,21:00,11.0,57.6,一般,1
贝达药业,贝达药业,其他,1,1,1,杭州,,,,,数据不足,1
财信人寿,财信人寿,金融,1,1,1,,08:10,17:30,9.3,76.3,良好,0
西安诺瓦星云科技,西安诺瓦星云科技,互联网,1,1,1,西安,08:30,18:00,9.5,87.9,舒适,1
西部数据（外企）,西部数据（外企）,外企,1,1,1,深圳,08:18,17:12,8.9,91.1,舒适,1
西麦,西麦,其他,1,1,1,南京,08:30,17:30,9.0,91.0,舒适,1
觅赢,觅赢,互联网,1,1,1,青岛,08:00,23:00,15.0,14.9,很卷,1
视觉中国,视觉中国,互联网,1,1,1,北京,09:00,18:00,9.0,92.4,舒适,0
言灵无界,言灵无界,其他,1,1,1,成都,09:00,18:00,9.0,92.4,舒适,1
讯一佳,讯一佳,互联网,1,1,1,广州,09:00,18:00,9.0,92.4,舒适,1
许继软件技术,许继软件技术,互联网,1,1,1,许昌,08:18,17:18,9.0,90.5,舒适,0
赫基,赫基,其他,1,1,1,广州,09:00,18:00,9.0,92.4,舒适,1
超参数科技,超参数科技,互联网,1,1,1,深圳,10:00,18:00,8.0,100.0,舒适,1
超级猩猩,超级猩猩,互联网,1,1,1,深圳,10:00,18:30,8.5,94.6,舒适,1
话本小说,话本小说,互联网,1,1,1,北京,09:00,18:30,9.5,81.0,良好,1
诺博,诺博,其他,1,1,1,上海,09:00,18:00,9.0,92.4,舒适,0
诺斯贝尔化妆品,诺斯贝尔化妆品,其他,1,1,1,中山,08:30,18:00,9.5,84.9,良好,0
诺诺网,诺诺网,互联网,1,1,1,杭州,08:30,20:00,11.5,56.3,一般,0
谷医堂,谷医堂,其他,1,1,1,长沙,09:00,18:00,9.0,87.9,舒适,1
豪腾嘉科,豪腾嘉科,互联网,1,1,1,北京,10:00,20:18,10.3,65.2,一般,0
RIB,RIB,外企,1,1,1,广州,07:30,16:30,9.0,89.7,舒适,0
RSS3,RSS3,互联网,1,1,1,世界各地,11:00,,,,数据不足,1
Raydata,Raydata,互联网,1,1,1,北京,10:00,17:00,7.0,100.0,舒适,0
Newsbreak,Newsbreak,互联网,1,1,1,北京,10:00,19:00,9.0,92.2,舒适,1
Nokia,Nokia,互联网,1,1,1,青岛,09:00,17:00,8.0,98.7,舒适,0
OKEx（违法边缘公司）,OKEx（违法边缘公司）,互联网,1,1,1,,09:40,18:30,8.8,92.7,舒适,0
ONES,ONES,互联网,1,1,1,深圳,10:00,18:30,8.5,94.6,舒适,0
McKinsey,McKinsey,外企,1,1,1,上海,09:00,13:30,4.5,100.0,舒适,0
McKinsey & Company,McKinsey & Company,外企,1,1,1,上海,09:00,13:30,4.5,100.0,舒适,0
MicroFocus,MicroFocus,互联网,1,1,1,上海,10:00,18:00,8.0,100.0,舒适,1
Mobplus,Mobplus,互联网,1,1,1,中国,10:00,18:00,8.0,100.0,舒适,1
车来了,车来了,互联网,1,1,1,北京,09:30,18:30,9.0,91.4,舒适,1
软件公司,软件公司,互联网,1,1,1,北京,08:30,17:00,8.5,94.2,舒适,1
软通,软通,金融,1,1,1,上海,08:30,20:30,12.0,56.9,一般,0
贵州省农村信用合作联社,贵州省农村信用合作联社,金融,1,1,1,铜仁,08:30,18:30,10.0,78.0,良好,0
贺州辰月科技服务,贺州辰月科技服务,互联网,1,1,1,上海,09:00,18:00,9.0,92.4,舒适,1
资产评估公司,资产评估公司,金融,1,1,1,昆明,09:00,19:00,10.0,75.6,良好,0
赛优教育,赛优教育,互联网,1,1,1,北京,09:30,20:30,11.0,53.8,偏卷,1
赞同科技,赞同科技,互联网,1,1,1,福州,08:30,18:00,9.5,86.4,舒适,1
赢时胜,赢时胜,金融,1,1,1,长沙,09:00,18:00,9.0,92.4,舒适,0
赢者科技,赢者科技,互联网,1,1,1,重庆,09:00,21:00,12.0,38.0,很卷,0
赣州银行,赣州银行,金融,1,1,1,九江,08:18,08:18,,,数据不足,1
赤峰云联科技,赤峰云联科技,互联网,1,1,1,赤峰,08:30,14:00,5.5,100.0,舒适,0
迅龙创威,迅龙创威,互联网,1,1,1,深圳,09:00,20:00,11.0,54.8,偏卷,1
越秀地产,越秀地产,其他,1,1,1,广州,09:00,19:00,10.0,81.6,良好,1
趋势科技,趋势科技,互联网,1,1,1,南京,09:00,18:00,9.0,92.4,舒适,0
趋势科技， Trend Micro,趋势科技， Trend Micro,互联网,1,1,1,南京,09:00,18:00,9.0,92.4,舒适,0
趣加FunPlus,趣加FunPlus,互联网,1,1,1,北京,10:00,19:00,9.0,89.2,舒适,0
趣头条,趣头条,互联网,1,1,1,北京,10:00,19:00,9.0,89.2,舒适,0
躺平设计家,躺平设计家,互联网,1,1,1,上海,10:00,20:00,10.0,78.4,良好,0
车主邦,车主邦,互联网,1,1,1,北京,09:00,21:00,12.0,50.0,偏卷,0
车托帮,车托帮,互联网,1,1,1,北京,09:30,18:30,9.0,91.4,舒适,1
PRA,PRA,外企,1,1,1,大连,10:00,19:00,9.0,89.2,舒适,1
Paraza,Paraza,外企,1,1,1,海外,09:00,16:30,7.5,100.0,舒适,0
Parexel,Parexel,外企,1,1,1,沈阳,09:00,18:00,9.0,92.4,舒适,1
Luxshare-Ict,Luxshare-Ict,其他,1,1,1,昆山,08:00,20:30,12.5,40.4,偏卷,0
MG,MG,互联网,1,1,1,深圳,09:30,18:30,9.0,91.4,舒适,0
MINISO,MINISO,其他,1,1,1,广州,08:30,18:30,10.0,82.5,良好,0
Mattel,Mattel,外企,1,1,1,深圳,07:30,16:30,9.0,92.7,舒适,0
迪卡侬,迪卡侬,外企,1,1,1,上海,09:15,18:00,8.8,94.3,舒适,1
述信科技,述信科技,互联网,1,1,1,上海,10:00,19:00,9.0,89.2,舒适,0
追一,追一,互联网,1,1,1,深圳,09:40,21:00,11.3,55.7,一般,1
逗乐互娱,逗乐互娱,互联网,1,1,1,厦门,09:00,18:30,9.5,87.0,舒适,0
通用汽车,通用汽车,其他,1,1,1,上海,09:00,19:00,10.0,81.6,良好,0
软通动力,软通动力,互联网,1,1,1,北京,09:30,12:00,2.5,100.0,舒适,1
轻松筹,轻松筹,其他,1,1,1,北京,09:30,19:00,9.5,86.1,舒适,1
辛橙科技,辛橙科技,互联网,1,1,1,杭州,09:30,18:00,8.5,96.8,舒适,1
辰星冶金,辰星冶金,其他,1,1,1,武汉,09:00,17:30,8.5,95.5,舒适,0
边锋,边锋,互联网,1,1,1,北京,10:00,21:30,11.5,52.2,偏卷,1
边锋网络,边锋网络,互联网,1,1,1,上海,10:00,19:00,9.0,89.2,舒适,0
辽宁向日葵教育,辽宁向日葵教育,其他,1,1,1,沈阳,09:00,17:30,8.5,95.5,舒适,1
辽宁实华,辽宁实华,其他,1,1,1,,08:00,17:00,9.0,89.7,舒适,1
辽宁自贸试验区（营口片区）桔子数字科技,辽宁自贸试验区（营口片区）桔子数字科技,互联网,1,1,1,北京,09:30,18:30,9.0,91.4,舒适,1
达达-京东,京东,互联网,1,1,1,北京,09:30,21:00,11.5,54.4,偏卷,0
迁安市九江线材,迁安市九江线材,其他,1,1,1,唐山,08:00,20:00,12.0,47.3,偏卷,0
K11,K11,其他,1,1,1,天津,09:00,18:00,9.0,92.4,舒适,0
KLOOK客路旅行,KLOOK客路旅行,互联网,1,1,1,深圳,09:45,,,,数据不足,1
Kantar,Kantar,外企,1,1,1,北京,10:00,19:00,9.0,89.2,舒适,1
Keysight,Keysight,外企,1,1,1,上海,08:30,17:30,9.0,91.0,舒适,0
邦道科技,邦道科技,互联网,1,1,1,无锡,09:00,18:00,9.0,92.4,舒适,1
邮储总行,邮储总行,金融,1,1,1,北京,08:30,17:30,9.0,91.0,舒适,1
邮储软研,邮储软研,互联网,1,1,1,合肥,08:30,17:30,9.0,86.5,舒适,0
邵阳和牧场,邵阳和牧场,其他,1,1,1,东莞,09:18,18:18,9.0,91.8,舒适,1
迈思亿科技教育公司,迈思亿科技教育公司,互联网,1,1,1,,09:00,17:30,8.5,89.5,舒适,1
迈拓仪表,迈拓仪表,其他,1,1,1,南京,08:15,23:00,14.8,15.3,很卷,0
迈斯高科技,迈斯高科技,其他,1,1,1,深圳,08:30,,,,数据不足,1
迈梭电子（上海）,迈梭电子（上海）,其他,1,1,1,上海,08:30,20:30,12.0,46.4,偏卷,0
迈瑞医疗,迈瑞医疗,其他,1,1,1,,08:30,18:00,9.5,83.4,良好,0
迈睿（原欧唯特）,迈睿（原欧唯特）,其他,1,1,1,上海,09:00,,,,数据不足,0
远洋地产,远洋地产,其他,1,1,1,天津,09:00,19:00,10.0,77.1,良好,1
连云港润众制药,连云港润众制药,其他,1,1,1,连云港,09:00,17:00,8.0,92.7,舒适,1
重庆众心,重庆众心,互联网,1,1,1,重庆,09:00,18:00,9.0,92.4,舒适,1
重庆信驰科技,重庆信驰科技,其他,1,1,1,重庆,08:30,17:30,9.0,85.0,舒适,0
速道救援,速道救援,其他,1,1,1,无锡,09:00,17:18,8.3,96.8,舒适,0
造价咨询,造价咨询,其他,1,1,1,郑州,08:18,18:00,9.7,80.1,良好,0
造雨者,造雨者,其他,1,1,1,广州,10:00,19:00,9.0,89.2,舒适,1
道通,道通,互联网,1,1,1,西安,08:30,21:30,13.0,34.1,很卷,0
遨森,遨森,其他,1,1,1,宁波,08:00,20:00,12.0,39.8,很卷,0
遨森电商,遨森电商,互联网,1,1,1,宁波,08:00,19:30,11.5,51.2,偏卷,0
邢台路桥建设,邢台路桥建设,其他,1,1,1,,05:00,,,,数据不足,1
邦盛科技,邦盛科技,金融,1,1,1,杭州,09:30,18:00,8.5,96.8,舒适,0
NR,NR,其他,1,1,1,南京,08:00,21:00,13.0,35.0,很卷,0
NVIDIA,NVIDIA,外企,1,1,1,深圳,10:00,20:00,10.0,78.4,良好,1
NXP,NXP,外企,1,1,1,深圳,10:00,,,,数据不足,1
Jingdigital,Jingdigital,互联网,1,1,1,上海,10:00,19:00,9.0,89.2,舒适,0
John,John,其他,1,1,1,深圳,08:30,17:30,9.0,91.0,舒适,0
Juicedata,Juicedata,互联网,1,1,1,杭州,10:00,18:00,8.0,100.0,舒适,1
郑州铁越电子商务,郑州铁越电子商务,互联网,1,1,1,郑州,09:00,18:00,9.0,86.4,舒适,1
郑州鸿浩信息技术,郑州鸿浩信息技术,其他,1,1,1,郑州,08:30,17:30,9.0,89.5,舒适,1
部委下属企业,部委下属企业,金融,1,1,1,北京,08:18,17:00,8.7,92.4,舒适,0
部委直属二类事业单位（就是公司化管理那种）,部委直属二类事业单位（就是公司化管理那种）,其他,1,1,1,北京,08:30,16:30,8.0,97.3,舒适,1
酷玩实验室,酷玩实验室,互联网,1,1,1,北京,10:00,19:00,9.0,89.2,舒适,1
重庆ABB变压器公司（日立新能源）,重庆ABB变压器公司（日立新能源）,外企,1,1,1,重庆,08:00,17:00,9.0,89.7,舒适,0
LVMH外企,LVMH外企,外企,1,1,1,上海,10:00,18:00,8.0,100.0,舒适,0
Leagosft,Leagosft,互联网,1,1,1,深圳,08:30,17:30,9.0,94.0,舒适,0
Lenovo,Lenovo,其他,1,1,1,北京,10:00,22:00,12.0,42.3,偏卷,0
LinkedIn China,LinkedIn China,互联网,1,1,1,北京,10:00,18:00,8.0,100.0,舒适,1
Longbridge(长桥证券),Longbridge(长桥证券),互联网,1,1,1,杭州,10:00,19:00,9.0,89.2,舒适,1
HS,HS,互联网,1,1,1,广州,09:00,18:00,9.0,92.4,舒适,0
HSBC,HSBC,金融,1,1,1,上海,,,,,数据不足,0
Hand,Hand,其他,1,1,1,武汉,09:10,19:00,9.8,83.3,良好,1
IDC（国际数据咨询公司）,IDC（国际数据咨询公司）,外企,1,1,1,北京,10:00,18:00,8.0,100.0,舒适,1
重庆九吨科技,重庆九吨科技,其他,1,1,1,重庆,09:30,19:00,9.5,86.1,舒适,1
金航,金航,其他,1,1,1,西安,09:00,18:00,9.0,92.4,舒适,1
重庆天蛙科技,重庆天蛙科技,其他,1,1,1,重庆,09:00,18:00,9.0,87.9,舒适,1
重庆帕斯亚科技,重庆帕斯亚科技,互联网,1,1,1,重庆,08:30,17:30,9.0,91.0,舒适,0
重庆昆冈科技,重庆昆冈科技,互联网,1,1,1,重庆,09:00,17:30,8.5,95.5,舒适,1
重庆汇杰人力资源开发,重庆汇杰人力资源开发,其他,1,1,1,重庆,08:30,18:00,9.5,81.9,良好,0
重庆热麦科技,重庆热麦科技,互联网,1,1,1,重庆,09:15,18:00,8.8,94.3,舒适,1
重庆艺星整形美容医院,重庆艺星整形美容医院,其他,1,1,1,重庆,09:00,18:00,9.0,86.4,舒适,0
重庆荣途文化传播,重庆荣途文化传播,互联网,1,1,1,重庆,09:00,17:00,8.0,94.2,舒适,1
重庆金康,重庆金康,其他,1,1,1,重庆,08:15,18:30,10.2,64.6,一般,0
重庆金康赛力斯汽车,重庆金康赛力斯汽车,其他,1,1,1,重庆,08:15,19:30,11.2,53.8,偏卷,1
重庆长厦安基建筑设计有限公司武汉,重庆长厦安基建筑设计有限公司武汉,其他,1,1,1,武汉,09:30,10:00,0.5,100.0,舒适,0
量驰建筑,量驰建筑,其他,1,1,1,杭州,08:30,17:00,8.5,94.2,舒适,1
金东,金东,其他,1,1,1,北京,09:00,17:00,8.0,98.7,舒适,0
金东康,金东康,互联网,1,1,1,南京,09:00,17:30,8.5,95.5,舒适,0
郑州大学综合设计研究院,郑州大学综合设计研究院,其他,1,1,1,郑州,08:30,18:00,9.5,75.9,良好,0
郑州市二七区,郑州市二七区,其他,1,1,1,郑州,08:30,17:30,9.0,91.0,舒适,0
金卡智能,金卡智能,其他,1,1,1,杭州,08:30,20:00,11.5,51.8,偏卷,0
金明源,金明源,互联网,1,1,1,郑州,09:00,17:30,8.5,95.5,舒适,0
金格科技,金格科技,互联网,1,1,1,南昌,08:30,17:30,9.0,91.0,舒适,0
Inventus Power,Inventus Power,外企,1,1,1,广州,08:00,17:30,9.5,86.6,舒适,1
JCDecaux,JCDecaux,外企,1,1,1,北京,09:00,18:00,9.0,92.4,舒适,0
JJ城建,JJ城建,金融,1,1,1,,08:18,17:00,8.7,86.4,舒适,1
Fast Retailing(迅销）,Fast Retailing(迅销）,外企,1,1,1,上海,09:00,18:00,9.0,92.4,舒适,1
Fiture,Fiture,互联网,1,1,1,上海,10:00,19:00,9.0,89.2,舒适,1
FunPlus,FunPlus,互联网,1,1,1,上海,10:00,19:00,9.0,92.2,舒适,0
GAOTU,GAOTU,互联网,1,1,1,北京,10:00,,,,数据不足,0
GBI,GBI,互联网,1,1,1,上海,09:00,19:00,10.0,81.6,良好,0
Gitee码云,Gitee码云,互联网,1,1,1,深圳,07:00,16:00,9.0,89.7,舒适,1
Gleeds,Gleeds,外企,1,1,1,上海,09:00,20:00,11.0,60.8,一般,0
Google中国,Google中国,互联网,1,1,1,北京,10:00,18:30,8.5,94.6,舒适,0
金科,金科,其他,1,1,1,上海,09:00,18:00,9.0,87.9,舒适,0
金科地产,金科地产,互联网,1,1,1,重庆,08:30,18:30,10.0,82.5,良好,0
Dotc/酷量科技/上海苍苔,Dotc/酷量科技/上海苍苔,互联网,1,1,1,上海,10:00,19:00,9.0,84.7,良好,1
长城新媒体,长城新媒体,其他,1,1,1,石家庄,08:30,17:30,9.0,91.0,舒适,1
长投学堂,长投学堂,互联网,1,1,1,上海,09:00,18:00,9.0,92.4,舒适,0
长春市市政工程设计研究院,长春市市政工程设计研究院,其他,1,1,1,长春,08:18,20:00,11.7,48.5,偏卷,0
长江设计院,长江设计院,其他,1,1,1,武汉,08:00,08:00,,,数据不足,1
金融壹账通,金融壹账通,互联网,1,1,1,深圳,09:00,18:00,9.0,92.4,舒适,0
金证财富,金证财富,互联网,1,1,1,深圳,09:30,18:30,9.0,91.4,舒适,0
钦州名雕装饰工程,钦州名雕装饰工程,其他,1,1,1,广西钦州,08:50,18:00,9.2,84.7,良好,1
钱大妈,钱大妈,其他,1,1,1,广州,09:30,18:00,8.5,93.8,舒适,1
铁一院,铁一院,其他,1,1,1,西安,08:00,21:00,13.0,35.0,很卷,1
铁科院,铁科院,互联网,1,1,1,北京,08:30,17:30,9.0,91.0,舒适,0
铜鼓中学,铜鼓中学,其他,1,1,1,江西宜春,06:20,22:20,16.0,9.5,很卷,0
银汉游戏,银汉游戏,互联网,1,1,1,广州,09:00,,,,数据不足,0
银江,银江,其他,1,1,1,杭州,08:30,19:00,10.5,62.6,一般,0
银科,银科,金融,1,1,1,上海,09:00,18:00,9.0,92.4,舒适,1
金升阳,金升阳,其他,1,1,1,广州,08:09,17:09,9.0,90.1,舒适,0
银雁科技,银雁科技,互联网,1,1,1,深圳,09:00,18:00,9.0,92.4,舒适,1
链家,链家,其他,1,1,1,北京,09:30,18:00,8.5,96.8,舒适,1
销售易,销售易,互联网,1,1,1,西安,09:00,19:00,10.0,81.6,良好,1
锅圈,锅圈,互联网,1,1,1,上海,09:00,18:00,9.0,92.4,舒适,1
锐明技术,锐明技术,其他,1,1,1,深圳,09:00,09:00,,,数据不足,0
GroupM（群邑）,GroupM（群邑）,其他,1,1,1,上海,10:30,19:30,9.0,87.0,舒适,1
GrowingIO,GrowingIO,互联网,1,1,1,杭州,10:00,20:00,10.0,78.4,良好,0
HCCL,HCCL,其他,1,1,1,哈尔滨,08:30,17:00,8.5,94.2,舒适,0
ClassIn,ClassIn,互联网,1,1,1,北京,08:30,17:30,9.0,91.0,舒适,0
Colvass,Colvass,其他,1,1,1,深圳,09:00,18:00,9.0,92.4,舒适,0
Continental,Continental,外企,1,1,1,合肥,08:30,17:00,8.5,94.2,舒适,0
Crypto.com,Crypto.com,外企,1,1,1,深圳,10:00,19:00,9.0,89.2,舒适,1
Cushman&Wakefield,Cushman&Wakefield,其他,1,1,1,厦门,09:18,18:00,8.7,95.1,舒适,0
DELL EMC,DELL EMC,外企,1,1,1,上海,09:00,18:00,9.0,92.4,舒适,1
DJI,DJI,其他,1,1,1,深圳,10:30,21:00,10.5,60.8,一般,0
DZ 工业设计,DZ 工业设计,其他,1,1,1,佛山,08:00,17:30,9.5,83.6,良好,1
隆道,隆道,互联网,1,1,1,北京,09:00,18:00,9.0,92.4,舒适,1
随意科技,随意科技,其他,1,1,1,杭州,10:00,21:00,11.0,57.6,一般,0
随手科技（卡牛）（随手记）,随手科技（卡牛）（随手记）,互联网,1,1,1,深圳,08:30,18:15,9.8,84.9,良好,1
雄獅旅行社,雄獅旅行社,外企,1,1,1,台北,09:00,18:00,9.0,92.4,舒适,1
雅居乐地产,雅居乐地产,其他,1,1,1,广州,08:30,19:00,10.5,67.1,一般,0
集创北方,集创北方,其他,1,1,1,北京,09:00,18:00,9.0,92.4,舒适,0
长江证券,长江证券,金融,1,1,1,武汉,08:30,22:00,13.5,30.2,很卷,0
长沙创智和宇科技,长沙创智和宇科技,互联网,1,1,1,长沙,08:30,17:30,9.0,91.0,舒适,1
长沙蜜獾/猎捷,长沙蜜獾/猎捷,其他,1,1,1,长沙,09:00,18:00,9.0,92.4,舒适,1
闻泰,闻泰,其他,1,1,1,上海,09:00,18:00,9.0,92.4,舒适,1
阳光人寿,阳光人寿,金融,1,1,1,北京,09:00,18:00,9.0,92.4,舒适,0
阳光新能源,阳光新能源,其他,1,1,1,合肥,08:15,20:15,12.0,45.3,偏卷,1
阳光电源,阳光电源,其他,1,1,1,合肥,08:15,21:00,12.8,39.9,很卷,1
阿哇龙游戏,阿哇龙游戏,互联网,1,1,1,成都,10:00,19:00,9.0,89.2,舒适,1
阿铺优房超,阿铺优房超,互联网,1,1,1,东莞,09:00,18:00,9.0,87.9,舒适,1
银联数据,银联数据,金融,1,1,1,上海,10:00,20:00,10.0,78.4,良好,0
CCTEG,CCTEG,其他,1,1,1,北京,08:30,18:40,10.2,70.5,良好,1
CD PROJEKT RED,CD PROJEKT RED,外企,1,1,1,上海,10:00,18:00,8.0,100.0,舒适,0
CETC,CETC,其他,1,1,1,北京,08:30,17:00,8.5,89.7,舒适,1
COSMX,COSMX,其他,1,1,1,珠海,09:00,20:30,11.5,52.4,偏卷,0
Calix,Calix,互联网,1,1,1,南京,09:00,18:00,9.0,92.4,舒适,0
青岛平度华阳中学,青岛平度华阳中学,其他,1,1,1,青岛,05:30,22:40,17.2,14.0,很卷,1
青岛歌尔,青岛歌尔,其他,1,1,1,青岛,09:00,20:00,11.0,56.3,一般,1
青岛汉尚电器有限公司（海氏烤箱）,青岛汉尚电器有限公司（海氏烤箱）,互联网,1,1,1,青岛,08:30,18:00,9.5,84.9,良好,1
青岛泛钛客科技,青岛泛钛客科技,互联网,1,1,1,青岛,09:00,17:30,8.5,91.0,舒适,1
青岛洞听智能科技,青岛洞听智能科技,互联网,1,1,1,青岛,09:00,18:00,9.0,92.4,舒适,1
陕建,陕建,其他,1,1,1,西安,07:00,08:00,1.0,100.0,舒适,1
陕西宏基药业,陕西宏基药业,其他,1,1,1,西安,08:30,18:00,9.5,84.9,良好,1
陕西柳瑞,陕西柳瑞,其他,1,1,1,西安,08:20,17:30,9.2,83.3,良好,1
陕西疆晨信息科技,陕西疆晨信息科技,其他,1,1,1,西安,08:30,19:00,10.5,61.1,一般,0
陕西维纳数字科技,陕西维纳数字科技,互联网,1,1,1,西安,09:00,18:00,9.0,92.4,舒适,0
隆昌养殖,隆昌养殖,其他,1,1,1,,08:30,16:30,8.0,97.3,舒适,0
领丰电子,领丰电子,其他,1,1,1,东莞,08:00,17:30,9.5,80.6,良好,0
领创智信,领创智信,互联网,1,1,1,北京,09:30,18:30,9.0,91.4,舒适,0
领格卓越,领格卓越,其他,1,1,1,北京,10:00,19:00,9.0,89.2,舒适,0
领英,领英,互联网,1,1,1,北京,10:00,18:00,8.0,100.0,舒适,0
零壹空间,零壹空间,其他,1,1,1,北京,09:00,20:00,11.0,60.8,一般,1
零方科技（原美宜佳信息部）,零方科技（原美宜佳信息部）,其他,1,1,1,东莞,08:30,17:30,9.0,88.0,舒适,0
震坤行工业超市,震坤行工业超市,互联网,1,1,1,上海,08:18,20:00,11.7,54.5,偏卷,1
青云科技,青云科技,互联网,1,1,1,成都,09:00,18:00,9.0,92.4,舒适,0
青岛东软载波智能电子,青岛东软载波智能电子,其他,1,1,1,青岛,08:30,18:00,9.5,87.9,舒适,0
青岛啤酒,青岛啤酒,其他,1,1,1,青岛,09:00,17:30,8.5,95.5,舒适,1
Ducker Worldwide,Ducker Worldwide,外企,1,1,1,上海,09:00,18:00,9.0,92.4,舒适,1
Dyson,Dyson,外企,1,1,1,上海,09:00,18:00,9.0,92.4,舒适,1
EPAM,EPAM,互联网,1,1,1,苏州,,,,,数据不足,1
Epam 亿磐,Epam 亿磐,互联网,1,1,1,苏州,,,,,数据不足,1
FILA,FILA,其他,1,1,1,厦门,08:00,17:00,9.0,89.7,舒适,1
BYD,BYD,其他,1,1,1,深圳,08:30,17:30,9.0,91.0,舒适,1
青岛融商天下网络,青岛融商天下网络,互联网,1,1,1,青岛,08:00,15:00,7.0,96.3,舒适,1
青岛贝威智能科技,青岛贝威智能科技,互联网,1,1,1,青岛,08:30,17:30,9.0,91.0,舒适,1
青岛通产智能科技,青岛通产智能科技,互联网,1,1,1,青岛,08:00,17:00,9.0,89.7,舒适,0
青岛鼎信通讯,青岛鼎信通讯,互联网,1,1,1,青岛,08:00,18:00,10.0,78.9,良好,0
顾家,顾家,其他,1,1,1,杭州,08:00,18:00,10.0,83.4,良好,0
Cambly,Cambly,互联网,1,1,1,上海,09:00,18:00,9.0,92.4,舒适,0
Capgemini,Capgemini,外企,1,1,1,上海,09:30,18:00,8.5,96.8,舒适,1
Citrix,Citrix,外企,1,1,1,南京,09:00,17:00,8.0,98.7,舒适,0
App Annie,App Annie,互联网,1,1,1,北京,09:00,18:00,9.0,92.4,舒适,1
Apple,Apple,外企,1,1,1,上海,09:00,17:00,8.0,98.7,舒适,0
AspenTech,AspenTech,互联网,1,1,1,上海,06:30,15:30,9.0,89.7,舒适,1
Atlassian,Atlassian,互联网,1,1,1,海外,09:30,17:00,7.5,100.0,舒适,0
Avature,Avature,互联网,1,1,1,深圳,,,,,数据不足,1
Avia,Avia,外企,1,1,1,北京,,,,,数据不足,1
AviaGames,AviaGames,外企,1,1,1,北京,,,,,数据不足,1
顾家家居,顾家家居,其他,1,1,1,杭州,08:30,18:00,9.5,87.9,舒适,0
鲁南制药,鲁南制药,其他,1,1,1,山东临沂,08:00,17:30,9.5,86.6,舒适,0
颐付网络科技,颐付网络科技,互联网,1,1,1,上海,10:00,18:30,8.5,94.6,舒适,1
飞步,飞步,互联网,1,1,1,杭州,10:00,21:00,11.0,51.6,偏卷,0
飞狼科技,飞狼科技,互联网,1,1,1,成都,08:30,17:30,9.0,91.0,舒适,1
飞鱼,飞鱼,互联网,1,1,1,北京,09:30,18:30,9.0,91.4,舒适,1
飞鹤,飞鹤,其他,1,1,1,上海,09:30,18:30,9.0,91.4,舒适,1
飞鹤乳业,飞鹤乳业,其他,1,1,1,北京,08:00,17:00,9.0,89.7,舒适,1
食堂,食堂,其他,1,1,1,长春,08:00,21:00,13.0,29.0,很卷,1
食尚国味餐饮管理,食尚国味餐饮管理,其他,1,1,1,广州,09:00,18:00,9.0,92.4,舒适,1
首汽,首汽,互联网,1,1,1,北京,09:00,18:00,9.0,92.4,舒适,0
首都机场集团大兴国际机场,首都机场集团大兴国际机场,其他,1,1,1,北京,08:30,17:00,8.5,94.2,舒适,1
香港华艺设计顾问（深圳）,香港华艺设计顾问（深圳）,其他,1,1,1,深圳,10:00,10:00,,,数据不足,0
騰訊,騰訊,互联网,1,1,1,深圳,10:00,21:00,11.0,57.6,一般,0
马上消费金融,马上消费金融,金融,1,1,1,北京,09:00,18:00,9.0,92.4,舒适,0
骏伯网络,骏伯网络,互联网,1,1,1,广州,09:00,20:00,11.0,60.8,一般,0
青岛蚂蚁机器人,青岛蚂蚁机器人,其他,1,1,1,青岛,09:00,18:00,9.0,92.4,舒适,0
51talk,51talk,互联网,1,1,1,北京,10:00,21:00,11.0,57.6,一般,1
9377游戏,9377游戏,互联网,1,1,1,广州,09:30,21:00,11.5,54.4,偏卷,1
AAC,AAC,其他,1,1,1,,08:30,18:00,9.5,81.9,良好,1
ABB,ABB,外企,1,1,1,上海,09:00,17:00,8.0,98.7,舒适,1
，,，,互联网,1,1,1,,,,,,数据不足,0
ARK design,ARK design,互联网,1,1,1,上海,10:30,19:00,8.5,92.4,舒适,1
-,-,互联网,1,1,1,,,,,,数据不足,0
AXA,AXA,金融,1,1,1,济南,08:30,17:30,9.0,88.0,舒适,1
Adtiming,Adtiming,互联网,1,1,1,北京,10:00,19:00,9.0,89.2,舒适,1
1Step.AI,1Step.AI,互联网,1,1,1,成都,10:00,19:00,9.0,84.7,良好,0
21ic,21ic,其他,1,1,1,北京,,,,,数据不足,0
龙盈智达,龙盈智达,金融,1,1,1,北京,08:30,17:30,9.0,91.0,舒适,1
龙腾出行,龙腾出行,互联网,1,1,1,广州,09:30,18:00,8.5,96.8,舒适,1
骏然供应链,骏然供应链,其他,1,1,1,上海,10:00,12:00,2.0,100.0,舒适,1
骑士卡/探途网络,骑士卡/探途网络,互联网,1,1,1,广州,09:30,20:30,11.0,62.8,一般,0
高升数据,高升数据,互联网,1,1,1,天津,09:00,17:00,8.0,98.7,舒适,0
Anacle System,Anacle System,互联网,1,1,1,海外,09:00,18:00,9.0,92.4,舒适,1
黑龙江铁谷智能科技,黑龙江铁谷智能科技,其他,1,1,1,哈尔滨,08:00,18:30,10.5,56.0,一般,0
默契破冰科技,默契破冰科技,互联网,1,1,1,北京,10:00,19:30,9.5,83.8,良好,1
鼎和保险,鼎和保险,金融,1,1,1,广东揭阳,08:40,18:00,9.3,89.6,舒适,1
鼎桥通信技术,鼎桥通信技术,其他,1,1,1,上海,09:00,18:00,9.0,86.4,舒适,1
齐心,齐心,其他,1,1,1,深圳,08:40,18:00,9.3,89.6,舒适,1
龙元建设,龙元建设,其他,1,1,1,,06:00,17:00,11.0,91.1,舒适,1
龙图游戏,龙图游戏,互联网,1,1,1,北京,10:00,21:00,11.0,51.6,偏卷,0
龙奥大厦,龙奥大厦,互联网,1,1,1,济南,09:00,17:00,8.0,98.7,舒适,0
龙昌冷暖,龙昌冷暖,其他,1,1,1,政治,,18:00,,,数据不足,1
龙渊网络,龙渊网络,互联网,1,1,1,成都,09:18,19:00,9.7,84.3,良好,0
黄石钦常电子,黄石钦常电子,其他,1,1,1,湖北黄石,09:00,17:00,8.0,92.7,舒适,0
黑桃互动,黑桃互动,互联网,1,1,1,成都,10:00,19:00,9.0,89.2,舒适,0
黑龙江安信与诚,黑龙江安信与诚,互联网,1,1,1,黑龙江 哈尔滨,08:30,17:00,8.5,97.2,舒适,1
黑龙江省的一家冷链物流,黑龙江省的一家冷链物流,其他,1,1,1,绥化,08:30,17:00,8.5,88.2,舒适,1
609所,609所,其他,1,1,1,南京,08:00,17:00,9.0,83.7,良好,1
